x,x,x,x,x,x,x,x,x,x,x,x,x,x,x,x,x,x,x,x,x,x,x,x,x,x,x,x,x,x,x,x,x,x,x,x,x,x,x,x,x,x,x,x,x,x,x,x,x,x,x,x,x,x,x,x,x,x,x,x,x,x,x,x,x,x,x,x,x,x,x,x,x,x,x,x,x,x,x,x,x,x,x,x,x,x,x,x,x,x,x,x,x,x,x,x,x,x,x,x,x,x,x,x,x,x,x,x,x,x,x,x
x,x,x,x,x,x,x,x,x,x,x,x,x,x,x,x,x,x,x,x,x,x,x,x,x,x,x,x,x,x,x,x,x,x,x,x,x,x,x,x,x,x,x,x,x,x,x,x,x,x,x,x,x,x,x,x,x,x,x,x,x,x,x,x,x,x,x,x,x,x,x,x,x,x,x,x,x,x,x,x,x,x,x,x,x,x,x,x,x,x,x,x,x,x,x,x,x,x,x,x,x,x,x,x,x,x,x,x,x,x,x,x
x,x,x,x,x,x,x,x,x,x,x,x,x,x,x,x,x,x,x,x,x,x,x,x,x,x,x,x,x,x,x,x,x,x,x,x,x,x,x,x,x,x,x,x,x,x,x,x,x,x,x,x,x,x,x,x,x,x,x,x,x,x,x,x,x,x,x,x,x,x,x,x,x,x,x,x,x,x,x,x,x,x,x,x,x,x,x,x,x,x,x,x,x,x,x,x,x,x,x,x,x,x,x,x,x,x,x,x,x,x,x,x
x,x,x,x,x,x,x,x,x,x,x,x,x,x,x,x,x,x,x,x,x,x,x,x,x,x,x,x,x,x,x,x,x,x,x,x,x,x,x,x,x,x,x,x,x,x,x,x,x,x,x,x,x,x,x,x,x,x,x,x,x,x,x,x,x,x,x,x,x,x,x,x,x,x,x,x,x,x,x,x,x,x,x,x,x,x,x,x,x,x,x,x,x,x,x,x,x,x,x,x,x,x,x,x,x,x,x,x,x,x,x,x
x,x,x,x,x,x,x,x,x,x,x,x,x,x,x,x,x,x,x,x,x,x,x,x,x,x,x,x,x,x,x,x,x,x,x,x,x,x,x,x,x,x,x,x,x,x,x,x,x,x,x,x,x,x,x,x,x,x,x,x,x,x,x,x,x,x,x,x,x,x,x,x,x,x,x,x,x,x,74-76-134,102-112-167,87-86-141,91-64-100,66-50-89,66-57-99,98-106-159,89-91-148,76-81-138,x,x,x,x,x,x,x,x,x,x,x,x,x,x,x,x,x,x,x,x,x,x,x,x,x
x,x,x,x,x,x,x,x,x,x,x,x,x,x,x,x,x,x,x,x,x,x,x,x,x,x,x,x,x,x,x,x,x,x,x,x,x,x,x,x,x,x,x,x,x,x,x,x,x,x,x,x,x,x,x,x,x,x,x,x,x,x,x,x,x,x,x,x,x,x,x,x,x,x,x,66-69-130,95-101-158,88-48-52,x,x,x,147-98-108,x,x,x,x,x,x,93-95-150,102-104-154,x,x,x,x,x,x,x,x,x,x,x,x,x,x,x,x,x,x,x,x,x,x
x,x,x,x,x,x,x,x,x,x,x,x,x,x,x,x,x,x,x,x,x,x,x,x,x,x,x,x,x,x,x,x,x,x,x,x,x,x,x,x,x,x,x,x,x,x,x,x,x,x,x,x,x,x,x,x,x,x,x,x,x,x,x,x,x,x,x,x,x,x,x,x,x,129-131-172,80-78-134,x,16-0-3,63-47-61,102-87-109,104-92-114,99-86-104,130-108-120,x,145-86-84,x,x,x,x,x,x,108-117-173,x,x,x,x,x,x,x,x,x,x,x,x,x,x,x,x,x,x,x,x,x
x,x,x,x,x,x,x,x,x,x,x,x,x,x,x,x,x,x,x,x,x,x,x,x,x,x,x,x,x,x,x,x,x,x,x,x,x,x,x,x,x,x,x,x,x,x,x,x,x,x,x,x,x,x,x,x,x,x,x,x,x,x,x,x,x,x,x,x,x,x,x,x,78-81-142,x,58-44-60,62-47-61,88-74-92,20-5-12,12-0-0,57-36-54,7-0-0,60-35-43,121-89-102,x,x,x,x,x,x,x,x,167-120-119,84-90-145,x,x,x,x,x,x,x,x,x,x,x,x,x,x,x,x,x,x,x
x,x,x,x,x,x,x,x,x,x,x,x,x,x,x,x,x,x,x,x,x,x,x,x,x,x,x,x,x,x,x,x,x,x,x,x,x,x,x,x,x,x,x,x,x,x,x,x,x,x,x,x,x,x,x,x,x,x,x,x,x,x,x,x,x,x,x,x,x,x,x,96-104-160,25-0-0,94-80-100,63-28-36,x,x,x,x,x,x,x,x,x,x,x,x,124-100-114,94-80-105,x,x,x,x,52-45-99,x,x,x,x,x,x,x,x,x,x,x,x,x,x,x,x,x,x
x,x,x,x,x,x,x,x,x,x,x,x,x,x,x,x,x,x,x,x,x,x,x,x,x,x,x,x,x,x,x,x,x,x,x,x,x,x,x,x,x,x,x,x,x,x,x,x,x,x,x,x,x,x,x,x,x,x,x,x,x,x,x,x,x,x,x,x,x,x,98-104-159,74-59-76,0-0-0,x,x,x,x,x,x,x,x,x,x,x,x,31-12-20,132-109-127,119-95-110,103-85-104,85-68-90,x,x,x,x,44-13-40,x,x,x,x,x,x,x,x,x,x,x,x,x,x,x,x,x
x,x,x,x,x,x,x,x,x,x,x,x,x,x,x,x,x,x,x,x,x,x,x,x,x,x,x,x,x,x,x,x,x,x,x,x,x,x,x,x,x,x,x,x,x,x,x,x,x,x,x,x,x,x,x,x,x,x,x,x,x,x,x,x,x,x,x,x,x,72-75-136,51-30-42,154-124-139,x,x,x,x,x,x,x,x,x,x,x,x,x,x,64-27-29,104-84-106,104-84-104,103-83-104,64-46-71,x,x,x,x,75-74-122,x,x,x,x,x,x,x,x,x,x,x,x,x,x,x,x
x,x,x,x,x,x,x,x,x,x,x,x,x,x,x,x,x,x,x,x,x,x,x,x,x,x,x,x,x,x,x,x,x,x,x,x,x,x,x,x,x,x,x,x,x,x,x,x,x,x,x,x,x,x,x,x,x,x,x,x,x,x,x,x,x,x,x,x,122-125-168,4-0-0,x,x,x,x,x,x,x,x,x,x,x,x,x,x,x,x,x,64-34-40,115-96-119,105-85-105,104-83-104,80-61-87,x,x,x,x,96-100-149,x,x,x,x,x,x,x,x,x,x,x,x,x,x,x
x,x,x,x,x,x,x,x,x,x,x,x,x,x,x,x,x,x,x,x,x,x,x,x,x,x,x,x,x,x,x,x,x,x,x,x,x,x,x,x,x,x,x,x,x,x,x,x,x,x,x,x,x,x,x,x,x,x,x,x,x,x,x,x,x,x,x,x,84-76-111,x,x,x,x,x,x,x,x,x,x,x,x,x,x,x,x,x,x,x,19-4-15,108-86-106,104-83-104,105-84-105,98-73-89,x,x,x,x,x,x,x,x,x,x,x,x,x,x,x,x,x,x,x
x,x,x,x,x,x,x,x,x,x,x,x,x,x,x,x,x,x,x,x,x,x,x,x,x,x,x,x,x,x,x,x,x,x,x,x,x,x,x,x,x,x,x,x,x,x,x,x,x,x,x,x,x,x,x,x,x,x,x,x,x,x,x,x,x,x,x,84-89-143,110-70-76,x,x,x,161-125-130,x,x,x,x,x,x,x,x,x,x,x,x,x,x,x,x,74-57-71,110-90-109,105-84-105,80-60-85,x,x,x,x,88-91-145,x,x,x,x,x,x,x,x,x,x,x,x,x,x
x,x,x,x,x,x,x,x,x,x,x,x,x,x,x,x,x,x,x,x,x,x,x,x,x,x,x,x,x,x,x,x,x,x,x,x,x,x,x,x,x,x,x,x,x,x,x,x,x,x,x,x,x,x,x,x,x,x,x,x,x,x,x,x,x,x,x,79-65-89,x,x,x,x,x,x,x,x,x,x,x,x,x,x,x,x,x,x,x,x,x,121-93-99,110-88-108,x,103-81-79,70-38-43,x,x,x,82-61-116,x,x,x,x,x,x,x,x,x,x,x,x,x,x
x,x,x,x,x,x,x,x,x,x,x,x,x,x,x,x,x,x,x,x,x,x,x,x,x,x,x,x,x,x,x,x,x,x,x,x,x,x,x,x,x,x,x,x,x,x,x,x,x,x,x,x,x,x,x,x,x,x,x,x,x,x,x,x,x,x,82-84-142,x,x,x,x,x,x,x,x,x,x,x,x,x,x,x,x,x,x,x,x,x,x,x,98-69-88,x,25-0-0,115-63-69,x,x,x,x,x,x,x,x,x,x,x,x,x,x,x,x,x,x
x,x,x,x,x,x,x,x,x,x,x,x,x,x,x,x,x,x,x,x,x,x,x,x,x,x,x,x,x,x,x,x,x,x,x,x,x,x,x,x,x,x,x,x,x,x,x,x,x,x,x,x,x,x,x,x,x,x,x,x,x,x,x,x,x,x,108-114-166,x,x,x,x,x,x,x,x,x,x,x,x,x,x,x,x,x,x,x,x,x,x,x,x,x,x,123-89-83,x,x,x,x,69-72-130,x,x,x,x,x,x,x,x,x,x,x,x,x
x,x,x,x,x,x,x,x,x,x,x,x,x,x,x,x,x,x,x,x,x,x,x,x,x,x,x,x,x,x,x,x,x,x,x,x,x,x,x,x,x,x,x,x,x,x,x,x,x,x,x,x,x,x,x,x,x,x,x,x,x,x,x,x,x,x,78-68-113,x,x,x,x,x,x,x,x,x,x,x,x,x,x,x,x,x,x,x,x,x,x,x,141-113-111,x,x,x,112-69-71,x,x,x,96-110-167,x,x,x,x,x,x,x,x,x,x,x,x,x
x,x,x,x,x,x,x,x,x,x,x,x,x,x,x,x,x,x,x,x,x,x,x,x,x,x,x,x,x,x,x,x,x,x,x,x,x,x,x,x,x,x,x,x,x,x,x,x,x,x,x,x,x,x,x,x,x,x,x,x,x,x,x,x,x,x,113-77-87,x,x,x,x,x,x,x,x,x,x,x,x,x,x,x,x,x,x,x,x,x,x,x,154-120-115,159-116-128,147-109-122,124-78-87,x,x,x,x,66-64-115,x,x,x,x,x,x,x,x,x,x,x,x,x
x,x,x,x,x,x,x,x,x,x,x,x,x,x,x,x,x,x,x,x,x,x,x,x,x,x,x,x,x,x,x,x,x,x,x,x,x,x,x,x,x,x,x,x,x,x,x,x,x,x,x,x,x,x,x,x,x,x,x,x,x,x,x,x,x,126-126-169,x,x,x,x,x,x,137-106-100,x,x,x,x,x,x,x,x,x,149-107-96,x,x,x,x,x,x,x,x,x,x,142-96-108,x,x,x,x,75-40-73,x,x,x,x,x,x,x,x,x,x,x,x,x
x,x,x,x,x,x,x,x,x,x,x,x,x,x,x,x,x,x,x,x,x,x,x,x,x,x,x,x,x,x,x,x,x,x,x,x,x,x,x,x,x,x,x,x,x,x,x,x,x,x,x,x,x,x,x,x,x,x,x,x,x,x,x,x,x,87-88-143,x,x,x,x,x,141-109-107,x,x,x,x,x,x,x,x,x,x,x,x,x,x,x,x,x,x,x,x,x,121-70-85,0-0-0,x,x,x,155-116-116,x,x,x,x,x,x,x,x,x,x,x,x,x
x,x,x,x,x,x,x,x,x,x,x,x,x,x,x,x,x,x,x,x,x,x,x,x,x,x,x,x,x,x,x,x,x,x,x,x,x,x,x,x,x,x,x,x,x,x,x,x,x,x,x,x,x,x,x,x,x,x,x,x,x,x,x,x,x,114-120-170,x,x,x,x,154-136-127,x,x,x,x,x,x,x,x,x,96-64-59,142-90-90,x,x,x,x,x,x,x,x,x,x,x,x,40-20-28,x,x,x,x,x,x,x,x,x,x,x,x,x,x,x,x,x
x,x,x,x,x,x,x,x,x,x,x,x,x,x,x,x,x,x,x,x,x,x,x,x,x,x,x,x,x,x,x,x,x,x,x,x,x,x,x,x,x,x,x,x,x,x,x,x,x,x,x,x,x,x,x,x,x,x,x,x,x,x,x,x,x,104-105-157,x,x,x,x,x,x,x,128-94-92,x,x,x,x,x,x,x,x,x,x,156-107-96,x,x,x,x,x,x,x,x,96-79-77,77-46-64,x,x,x,x,x,x,x,x,x,x,x,x,x,x,x,x,x
x,x,x,x,x,x,x,x,x,x,x,x,x,x,x,x,x,x,x,x,x,x,x,x,x,x,x,x,x,x,x,x,x,x,x,x,x,x,x,x,x,x,x,x,x,x,x,x,x,x,x,x,x,x,x,x,x,x,x,x,x,x,x,x,x,121-126-172,x,x,x,x,x,x,x,x,x,x,x,x,x,x,x,x,x,x,x,x,x,x,x,x,x,x,x,x,x,x,x,x,x,x,x,x,x,x,x,x,x,x,x,x,x,x
x,x,x,x,x,x,x,x,x,x,x,x,x,x,x,x,x,x,x,x,x,x,x,x,x,x,x,x,x,x,x,x,x,x,x,x,x,x,x,x,x,x,x,x,x,x,x,x,x,x,x,x,x,x,x,x,x,x,x,x,x,x,x,x,x,126-130-176,172-118-125,x,x,x,158-110-103,x,x,x,109-69-65,x,x,x,x,x,x,x,x,x,x,x,x,x,x,x,x,x,x,x,x,x,x,x,167-110-103,95-97-149,x,x,x,x,x,x,x,x,x,x,x,x
x,x,x,x,x,x,x,x,x,x,x,x,x,x,x,x,x,x,x,x,x,x,x,x,x,x,x,x,x,x,x,x,x,x,x,x,x,x,x,x,x,x,x,x,x,x,x,x,x,x,x,x,x,x,x,x,x,x,x,x,x,x,x,x,x,98-99-150,x,x,x,x,x,0-0-0,28-17-44,143-103-94,x,x,x,x,x,x,x,24-0-0,36-12-22,88-45-48,97-55-91,x,x,x,x,x,x,x,0-0-0,75-40-50,x,x,x,x,x,91-96-151,x,x,x,x,x,x,x,x,x,x,x,x
x,x,x,x,x,x,x,x,x,x,x,x,x,x,x,x,x,x,x,x,x,x,x,x,x,x,x,x,x,x,x,x,x,x,x,x,x,x,x,x,x,x,x,x,x,x,x,x,x,x,x,x,x,x,x,x,x,x,x,x,x,x,x,x,x,106-107-155,152-107-118,x,x,134-104-120,128-86-78,x,x,x,x,x,x,x,x,x,x,x,x,x,x,73-26-37,x,x,x,x,x,x,x,x,x,x,x,x,x,100-99-152,x,x,x,x,x,x,x,x,x,x,x,x
x,x,x,x,x,x,x,x,x,x,x,x,x,x,x,x,x,x,x,x,x,x,x,x,x,x,x,x,x,x,x,x,x,x,x,x,x,x,x,x,x,x,x,x,x,x,x,x,x,x,x,x,x,x,x,x,x,x,x,x,x,x,x,x,x,x,34-30-61,x,x,x,102-64-63,x,x,100-35-63,x,x,174-124-128,x,x,x,x,x,x,x,94-32-70,x,x,x,x,x,x,x,x,x,x,x,x,x,x,100-114-169,x,x,x,x,x,x,x,x,x,x,x,x
x,x,x,x,x,x,x,x,x,x,x,x,x,x,x,x,x,x,x,x,x,x,x,x,x,x,x,x,x,x,x,x,x,x,x,x,x,x,x,x,x,x,x,x,x,x,x,x,x,x,x,x,x,x,x,x,x,x,x,x,x,x,x,x,x,x,97-100-153,x,x,x,124-78-71,x,x,41-17-61,x,x,x,x,x,x,x,x,x,x,x,x,x,x,x,x,x,x,x,x,x,x,x,x,x,x,156-158-190,x,x,x,x,x,x,x,x,x,x,x
x,x,x,x,x,x,x,x,x,x,x,x,x,x,x,x,x,x,x,x,x,x,x,x,x,x,x,x,x,x,x,x,x,x,x,x,x,x,x,x,x,x,x,x,x,x,x,x,x,x,x,x,x,x,x,x,x,x,x,x,x,x,x,x,x,95-99-155,60-63-129,41-18-32,x,x,x,x,158-122-124,x,x,x,x,x,x,x,x,x,x,x,x,x,x,x,x,x,x,x,x,x,x,x,x,x,x,x,86-50-98,x,x,x,x,x,x,x,x,x,x,x
x,x,x,x,x,x,x,x,x,x,x,x,x,x,x,x,x,x,x,x,x,x,x,x,x,x,x,x,x,x,x,x,x,x,x,x,x,x,x,x,x,x,x,x,x,x,x,x,x,x,x,x,x,x,x,x,x,x,x,x,x,x,x,72-74-136,44-2-8,55-58-124,x,113-115-175,169-136-156,x,x,x,x,x,x,x,x,x,x,x,x,x,x,x,x,x,x,x,x,x,x,x,x,x,x,x,x,x,x,167-101-110,167-104-112,102-118-171,x,x,x,x,x,x,x,x,x,x
x,x,x,x,x,x,x,x,x,x,x,x,x,x,x,x,x,x,x,x,x,x,x,x,x,x,x,x,x,x,x,x,x,x,x,x,x,x,x,x,x,x,x,x,x,x,x,x,x,x,x,x,x,x,x,x,x,x,x,x,x,x,98-106-166,159-104-99,98-99-153,x,x,x,151-108-118,147-98-120,x,x,162-126-120,x,x,x,x,x,x,x,x,x,x,x,x,x,x,x,x,x,x,x,x,x,x,x,x,x,x,x,x,x,64-67-128,x,x,x,x,x,x,x,x,x
x,x,x,x,x,x,x,x,x,x,x,x,x,x,x,x,x,x,x,x,x,x,x,x,x,x,x,x,x,x,x,x,x,x,x,x,x,x,x,x,x,x,x,x,99-101-150,68-75-145,x,x,x,x,x,x,x,x,x,x,x,x,x,x,x,90-100-160,x,101-101-157,x,x,x,x,x,143-106-124,170-151-174,x,x,x,x,x,x,x,x,x,x,x,x,x,x,x,x,x,x,x,x,x,x,x,x,x,x,x,x,x,x,x,x,83-85-142,x,x,87-92-147,67-57-108,81-64-113,79-70-128,79-82-141,x
x,x,x,x,x,x,x,x,x,x,x,x,x,x,x,x,x,x,x,x,x,x,x,x,x,x,x,x,x,x,x,x,x,x,x,x,x,x,x,x,x,x,x,121-108-130,x,94-80-112,x,78-77-136,129-88-62,108-117-167,x,x,x,x,x,x,x,x,x,x,61-63-126,x,x,69-72-134,x,x,x,65-66-128,x,137-84-104,x,x,x,x,x,x,x,x,x,x,x,x,x,x,x,x,x,x,x,x,x,x,x,x,x,x,x,x,x,x,x,x,x,x,71-72-130,106-113-171,x,x,x,x,x,81-88-146
x,x,x,x,x,x,x,x,x,x,x,x,x,x,x,x,x,x,x,x,x,x,x,x,x,x,x,x,x,x,x,x,x,x,x,x,x,x,x,x,x,x,102-114-177,134-100-98,148-107-89,127-96-106,x,x,110-84-93,x,80-69-116,x,x,x,x,x,x,x,x,x,116-73-89,x,x,66-69-132,x,x,98-100-152,x,x,99-55-74,x,x,x,x,x,x,x,x,x,x,x,x,x,x,x,x,x,x,x,165-98-115,x,x,x,150-111-138,146-95-120,x,x,x,x,x,x,x,x,x,x,100-91-143,31-9-30,89-92-144,106-110-167,x,x,20-8-29
x,x,x,x,x,x,x,x,x,x,x,x,x,x,x,x,x,x,x,x,x,x,x,x,x,x,x,x,x,x,x,x,x,x,x,x,x,x,x,x,x,156-155-186,x,137-92-80,138-92-93,84-80-129,x,147-107-91,95-101-157,x,146-100-98,74-83-151,x,x,x,x,x,x,x,102-103-154,x,x,x,89-70-119,86-86-147,82-84-146,x,x,172-141-161,x,146-92-116,x,x,x,x,x,x,x,x,x,x,x,x,x,x,x,x,x,x,x,173-111-126,x,x,177-141-165,177-139-163,x,x,x,x,x,x,x,x,x,x,x,90-59-70,31-28-59,x,x,x,116-56-66
x,x,x,x,x,x,x,x,x,x,x,x,x,x,x,x,x,x,x,x,x,x,x,x,x,x,x,x,x,x,x,x,x,x,x,x,x,x,x,x,x,74-60-102,146-114-113,140-93-94,77-83-144,79-85-148,158-121-121,149-104-105,93-104-164,96-108-169,x,81-45-67,x,x,x,x,x,x,x,100-102-153,x,x,x,x,x,x,x,x,171-139-161,x,139-88-109,x,178-127-141,x,x,x,x,x,x,x,x,x,x,x,x,x,x,x,x,x,x,160-91-108,x,143-96-122,x,x,x,x,x,x,x,x,x,x,x,x,x,x,x,x,x,96-101-160
x,x,x,x,x,x,x,x,x,x,x,x,x,x,x,x,x,x,x,x,x,x,x,x,x,x,x,x,x,x,x,x,x,x,x,x,x,x,x,x,x,134-83-70,157-119-115,84-71-109,x,x,140-96-96,156-114-115,86-73-109,83-86-139,96-50-37,125-71-63,x,x,x,x,x,x,x,x,48-21-60,x,x,x,x,x,x,x,x,x,x,162-145-170,166-152-176,x,x,x,x,x,x,x,x,x,x,x,x,x,x,x,x,x,x,x,176-127-147,x,x,x,x,x,x,x,x,x,x,x,x,x,x,x,x,x,x,x
x,x,x,x,x,x,x,x,x,x,x,x,x,x,x,x,x,x,x,x,x,x,x,x,x,x,x,x,x,x,x,x,x,x,x,x,x,x,x,x,117-119-162,139-91-100,143-100-98,81-88-150,x,x,132-90-87,108-66-68,x,92-94-145,130-94-79,144-113-100,113-115-160,x,x,x,x,x,x,x,x,38-26-64,x,x,x,x,x,x,x,175-142-161,x,168-146-168,x,167-139-159,x,x,x,x,x,x,x,x,x,x,x,x,x,x,x,x,x,170-119-140,162-111-134,178-141-163,x,170-131-159,x,x,x,x,x,x,x,x,x,x,x,x,x,72-71-122,x,x
x,x,x,x,x,x,x,x,x,x,x,x,x,x,x,x,x,x,x,x,x,x,x,x,x,x,x,x,x,x,x,x,x,x,x,x,x,x,x,x,101-103-152,81-33-38,148-106-98,86-94-156,x,x,100-69-78,158-130-131,147-111-99,84-91-154,125-93-89,147-122-117,92-90-140,x,x,x,x,x,x,x,x,x,76-80-139,85-74-124,x,x,x,x,x,169-136-159,x,x,x,160-118-134,157-111-125,x,x,x,x,x,x,x,x,x,x,x,x,x,149-94-111,x,x,x,x,174-141-164,x,x,x,x,x,x,x,x,x,x,x,x,x,x,90-91-145,x,x,x
x,x,x,x,x,x,x,x,x,x,x,x,x,x,x,x,x,x,x,x,x,x,x,x,x,x,x,x,x,x,x,x,x,x,x,x,x,x,x,x,127-128-168,130-91-67,x,117-75-59,65-69-131,72-77-138,132-90-86,145-109-112,156-120-115,x,102-62-59,x,65-68-131,x,x,x,x,x,x,x,x,87-90-148,149-109-106,x,x,x,x,x,x,x,x,x,169-128-144,150-104-118,x,x,x,x,x,x,x,x,x,x,x,x,x,x,x,x,x,x,159-121-146,128-80-109,131-83-112,x,176-140-167,x,x,x,x,x,x,x,x,x,x,x,x,103-112-171,x,x
x,x,x,x,x,x,x,x,x,x,x,x,x,x,x,x,x,x,x,x,x,x,x,x,x,x,x,x,x,x,x,x,x,x,x,x,x,x,x,x,x,103-58-40,142-105-78,128-86-79,147-111-104,129-92-82,143-107-109,157-120-124,x,152-125-114,156-132-122,96-54-52,139-140-178,x,x,x,x,x,x,x,103-105-162,x,x,166-125-128,x,x,x,x,164-129-148,x,x,140-89-107,x,149-101-116,x,145-99-121,x,117-70-76,x,x,x,x,x,x,x,x,x,x,x,x,171-127-142,x,128-80-108,x,114-62-95,x,x,x,x,x,x,x,x,x,x,x,x,x,x,x,75-60-115,x
x,x,x,x,x,x,x,x,x,x,x,x,x,x,x,x,x,x,x,x,x,x,x,x,x,x,x,x,x,x,x,x,x,x,x,x,x,x,x,x,x,94-101-159,84-29-46,x,153-111-111,161-124-112,158-118-116,152-108-110,x,x,x,97-64-74,x,x,x,x,x,x,x,74-80-133,x,x,19-2-61,x,x,x,x,172-141-161,150-112-134,x,x,x,176-134-151,x,148-100-118,x,x,170-132-142,x,x,x,x,x,x,x,x,x,x,x,x,169-124-141,x,x,166-118-146,166-126-155,x,x,176-138-166,x,x,x,x,x,x,x,x,x,x,x,x,x,85-90-143
x,x,x,x,x,x,x,x,x,x,x,x,x,x,x,x,x,x,x,x,x,x,x,x,x,x,x,x,x,x,x,x,x,x,x,x,x,x,x,x,x,x,x,57-60-124,155-109-91,103-58-53,x,101-54-51,x,x,153-115-103,70-75-137,x,x,x,x,x,x,96-101-161,x,x,x,x,x,x,x,x,168-135-155,x,x,x,x,170-130-148,x,x,x,x,x,70-38-70,x,x,x,x,x,x,x,x,x,x,x,x,x,x,148-88-95,x,x,x,x,x,x,x,x,x,x,x,x,x,x,x,x,x,x
x,x,x,x,x,x,x,x,x,x,x,x,x,x,x,x,x,x,x,x,x,x,x,x,x,x,x,x,x,x,x,x,x,x,x,x,x,x,x,x,x,x,x,x,70-81-145,140-106-108,136-90-81,128-83-80,133-89-87,146-104-100,149-107-104,91-94-148,107-109-159,x,x,x,x,x,145-110-112,x,x,48-23-40,x,x,x,x,169-136-156,x,x,x,x,x,x,x,x,x,7-0-0,174-126-141,60-43-69,x,x,x,x,x,x,x,x,x,x,x,x,132-78-84,x,x,37-22-22,64-44-71,63-42-69,49-35-65,x,x,x,x,x,x,x,x,x,x,x,x,x,x
x,x,x,x,x,x,x,x,x,x,x,x,x,x,x,x,x,x,x,x,x,x,x,x,x,x,x,x,x,x,x,x,x,x,x,x,x,x,x,x,x,x,x,x,x,x,78-84-145,143-100-101,62-39-38,87-64-65,68-54-54,71-56-63,65-50-45,x,x,x,x,77-80-139,x,x,48-27-53,x,x,x,x,x,170-138-158,x,x,x,x,154-130-127,48-28-32,19-12-31,x,121-106-109,84-46-39,169-139-155,40-25-54,46-30-53,33-0-0,66-42-71,x,x,x,x,x,x,x,x,x,x,x,12-0-0,68-48-75,63-44-71,61-42-69,59-40-67,58-40-67,32-7-13,x,x,x,x,x,x,x,x,x,x,x,x
x,x,x,x,x,x,x,x,x,x,x,x,x,x,x,x,x,x,x,x,x,x,x,x,x,x,x,x,x,x,x,x,x,x,x,x,x,x,x,x,x,x,x,x,x,x,78-38-58,98-90-87,100-92-92,101-90-96,95-82-93,108-101-102,4-0-0,138-140-179,x,x,x,94-97-158,x,x,161-117-122,x,x,x,x,x,171-138-158,170-138-157,x,0-0-0,64-53-78,65-52-81,54-43-66,33-22-33,154-102-107,x,x,143-96-96,35-21-48,16-0-6,100-64-51,x,x,x,153-104-115,x,169-132-153,x,x,x,x,x,x,76-53-81,63-44-71,59-41-68,58-40-67,58-40-67,58-40-66,33-18-44,x,x,x,x,x,x,x,x,x,x,x,x
x,x,x,x,x,x,x,x,x,x,x,x,x,x,x,x,x,x,x,x,x,x,x,x,x,x,x,x,x,x,x,x,x,x,x,x,x,x,x,x,x,x,x,x,x,59-64-125,80-60-81,97-86-86,71-56-72,66-46-68,67-48-69,70-54-73,89-74-91,75-78-136,x,x,x,70-64-121,x,x,x,x,x,x,x,x,172-139-158,172-138-158,x,51-41-64,53-43-66,18-10-17,52-42-66,10-0-5,x,x,x,x,51-30-65,52-33-61,64-37-67,89-67-94,x,x,x,x,x,x,x,x,x,x,69-49-80,55-39-66,55-39-64,55-39-65,58-40-67,61-41-68,62-41-69,49-25-52,x,x,x,x,x,x,x,x,x,x,x,x
x,x,x,x,x,x,x,x,x,x,x,x,x,x,x,x,x,x,x,x,x,x,x,x,x,x,x,x,x,x,x,x,x,x,x,x,x,x,x,x,x,x,x,x,x,68-32-54,52-36-52,89-78-84,66-47-70,57-41-60,28-11-22,27-15-20,31-18-24,67-70-132,x,x,x,94-104-165,x,148-115-118,x,x,x,157-126-134,x,x,x,18-11-11,52-42-65,52-41-64,50-40-62,54-43-70,53-42-65,x,x,x,x,0-0-0,80-49-87,35-15-32,x,x,x,x,x,x,x,x,x,163-106-111,x,130-124-125,60-42-69,58-43-70,55-39-64,55-39-65,57-40-67,63-42-69,62-41-68,12-0-16,x,x,x,x,x,x,x,x,x,x,x,x
x,x,x,x,x,x,x,x,x,x,x,x,x,x,x,x,x,x,x,x,x,x,x,x,x,x,x,x,x,x,x,x,x,x,x,x,x,x,x,x,x,x,x,x,85-87-143,161-130-132,122-105-113,73-55-73,65-46-69,66-47-70,66-48-71,85-69-88,73-57-72,99-102-164,x,x,x,61-63-126,x,x,x,x,x,x,x,x,35-25-25,54-44-67,52-43-66,61-47-73,48-40-60,57-45-70,28-5-12,x,x,42-23-38,x,x,92-75-98,106-85-107,69-43-73,26-18-35,x,x,165-127-129,x,x,x,169-119-120,x,66-48-77,70-53-82,63-46-76,56-41-66,88-66-98,77-48-75,86-60-90,64-43-71,60-40-67,12-0-12,x,x,x,x,x,x,x,x,x,x,x,x
x,x,x,x,x,x,x,x,x,x,x,x,x,x,x,x,x,x,x,x,x,x,x,x,x,x,x,x,x,x,x,x,x,x,x,x,x,x,x,x,x,x,x,x,106-109-157,x,x,60-42-64,65-47-70,66-48-71,69-50-73,78-62-76,79-66-79,110-112-174,x,x,x,x,142-98-106,x,x,x,x,x,x,39-24-36,74-59-86,81-61-84,131-107-118,152-121-122,54-44-64,54-43-68,x,x,0-0-0,63-44-79,x,x,x,54-36-44,111-89-111,71-44-58,x,x,x,x,83-55-53,125-106-103,177-118-120,67-50-74,19-10-16,80-60-89,100-77-110,116-87-110,148-111-117,121-91-109,89-64-96,88-63-94,60-39-66,66-44-73,x,x,x,x,x,x,x,x,x,169-123-123,x,x
x,x,x,x,x,x,x,x,x,x,x,x,x,x,x,x,x,x,x,x,x,x,x,x,x,x,x,x,x,x,x,x,x,x,x,x,x,x,x,x,x,x,x,x,68-71-132,x,x,54-36-54,66-48-69,66-48-71,71-52-73,56-44-59,62-47-58,73-78-137,x,x,x,x,68-69-132,124-69-78,x,x,133-78-87,x,x,60-48-73,71-57-85,76-63-92,123-103-121,73-55-77,56-44-65,26-19-41,x,49-30-44,x,x,x,x,x,110-101-154,60-52-98,28-40-104,x,79-29-32,x,149-97-97,x,x,20-2-14,123-92-114,99-72-93,97-75-107,157-117-122,150-113-120,155-114-121,89-65-99,90-65-96,90-64-96,78-51-78,61-39-67,x,x,x,x,x,x,x,x,x,x,x,x
x,x,x,x,x,x,x,x,x,x,x,x,x,x,x,x,x,x,x,x,x,x,x,x,x,x,x,x,x,x,x,x,x,x,x,x,x,x,x,x,x,x,x,x,151-153-186,x,167-144-158,34-17-32,67-48-70,67-49-70,x,150-128-130,10-6-2,128-130-173,x,x,x,x,x,92-105-168,34-6-18,13-5-21,5-3-20,48-18-25,52-44-67,61-49-76,77-62-91,80-65-94,105-89-105,78-61-84,24-11-19,95-66-51,152-105-128,x,x,x,x,x,x,115-100-155,x,x,x,x,x,x,x,103-71-62,108-81-102,113-84-104,132-99-111,147-110-117,141-107-118,136-102-116,103-77-105,88-63-94,88-63-94,88-62-93,79-49-78,77-48-76,112-84-106,x,x,x,x,x,x,x,x,x,x,x
x,x,x,x,x,x,x,x,x,x,x,x,x,x,x,x,x,x,x,x,x,x,x,x,x,x,x,x,x,x,x,x,x,x,x,x,x,x,x,x,x,x,x,x,66-67-130,x,x,89-68-77,69-51-72,76-60-81,129-101-103,123-90-92,x,87-88-143,x,x,x,x,109-113-167,50-37-55,66-46-68,136-112-118,126-105-114,105-88-109,86-73-102,80-68-98,81-66-95,77-60-88,108-87-105,x,x,107-74-60,x,x,x,x,x,x,32-18-19,x,x,x,x,x,x,x,x,116-88-113,141-105-115,149-113-119,151-115-120,152-115-120,151-114-120,143-107-115,78-51-78,85-59-89,87-61-91,85-59-89,78-50-78,79-48-76,29-3-5,x,x,x,x,x,x,x,x,x,x,x
x,x,x,x,x,x,x,x,x,x,x,x,x,x,x,x,x,x,x,x,x,x,x,x,x,x,x,x,x,x,x,x,x,x,x,x,x,x,x,x,x,x,x,x,98-105-161,x,x,160-145-156,74-59-76,112-97-96,62-47-52,70-52-73,60-46-68,83-59-93,59-61-127,x,x,66-60-102,77-59-88,70-52-79,135-116-120,122-104-112,123-104-111,122-102-111,118-97-108,63-49-70,49-38-60,47-36-60,x,x,82-58-61,121-81-88,x,x,x,x,x,x,0-0-26,x,x,x,x,x,x,74-73-107,102-85-76,103-77-103,118-88-108,145-109-118,147-111-119,152-115-121,146-110-118,137-103-114,78-52-80,84-59-88,84-59-88,82-55-85,79-50-76,80-50-77,141-96-89,x,x,x,x,x,164-111-110,x,x,x,x,x
x,x,x,x,x,x,x,x,x,x,x,x,x,x,x,x,x,x,x,x,x,x,x,x,x,x,x,x,x,x,x,x,x,x,x,x,x,x,x,x,x,x,x,x,74-77-136,x,x,x,41-26-32,104-97-97,108-102-103,105-102-101,51-29-37,x,142-101-104,79-84-141,65-67-128,74-60-92,64-52-77,67-47-75,127-107-115,122-103-111,128-107-114,119-98-110,81-65-83,57-45-66,47-36-59,48-40-66,x,x,81-60-62,x,x,x,163-117-131,x,x,x,141-94-96,x,157-109-110,x,x,x,61-24-25,x,109-80-113,100-74-102,106-78-104,114-84-105,143-106-115,156-117-122,150-113-119,127-94-108,82-55-83,83-57-86,83-57-86,81-53-81,80-51-77,80-51-77,x,x,x,x,x,156-102-104,x,x,x,x,x,x
x,x,x,x,x,x,x,x,x,x,x,x,x,x,x,x,x,x,x,x,x,x,x,x,x,x,x,x,x,x,x,x,x,x,x,x,x,x,x,x,x,x,x,x,90-97-160,x,78-63-84,97-90-93,101-93-95,117-110-112,45-31-28,108-103-105,92-82-90,25-6-18,x,x,99-102-154,53-44-65,57-48-74,55-44-70,107-92-106,60-49-68,65-53-72,72-58-76,82-67-84,62-49-69,49-37-60,x,151-118-125,125-75-77,143-96-100,x,x,x,x,x,x,x,x,x,x,134-77-73,79-43-85,138-116-104,98-67-98,94-63-92,74-46-75,120-90-107,140-104-115,147-110-117,149-111-118,146-110-117,135-102-112,94-66-89,82-54-81,82-55-83,82-54-82,81-52-79,81-52-78,81-50-76,x,x,x,x,x,x,x,x,x,x,x,x
x,x,x,x,x,x,x,x,x,x,x,x,x,x,x,x,x,x,x,x,x,x,x,x,x,x,x,x,x,x,x,x,x,x,x,x,x,x,x,x,x,x,x,x,84-87-143,x,7-0-1,11-0-0,47-33-43,76-60-77,79-65-82,79-66-80,73-57-77,83-68-89,x,x,66-56-114,50-44-77,55-47-72,55-47-73,70-57-75,60-49-69,62-51-70,67-53-72,69-53-74,116-96-107,136-117-128,85-59-84,152-150-149,x,x,x,x,x,x,164-121-129,x,x,x,119-62-62,x,45-11-4,119-91-107,129-100-113,136-104-116,135-101-113,139-105-116,143-108-117,147-109-118,147-110-118,147-110-118,144-107-115,121-89-103,88-61-85,80-52-78,82-53-80,82-53-79,82-53-79,82-53-79,83-55-82,x,x,x,x,x,x,x,x,x,x,x,x
x,x,x,x,x,x,x,x,x,x,x,x,x,x,x,x,x,x,x,x,x,x,x,x,x,x,x,x,x,x,x,x,x,x,x,x,x,x,x,x,x,x,x,x,x,151-124-143,x,94-83-97,77-61-79,75-60-78,77-59-83,75-56-84,70-54-78,67-49-70,x,x,x,x,65-60-88,58-50-75,62-51-73,60-49-69,60-49-69,65-51-71,73-55-76,92-68-99,x,x,x,x,x,x,x,x,x,x,x,x,x,x,68-57-108,119-93-110,121-93-111,135-103-115,127-97-112,133-102-113,139-105-115,142-107-117,145-107-117,148-109-117,152-113-119,139-102-111,86-58-84,87-59-84,83-56-82,82-54-79,82-54-79,82-54-80,82-54-80,87-60-86,x,x,x,x,x,x,x,x,x,x,x,x
x,x,x,x,x,x,x,x,x,x,x,x,x,x,x,x,x,x,x,x,x,x,x,x,x,x,x,x,x,x,x,x,x,x,x,x,x,x,x,x,x,x,x,x,x,87-73-122,x,76-61-79,13-2-3,87-70-91,68-54-74,62-44-66,69-52-73,70-53-76,x,x,x,x,x,62-54-79,71-61-83,68-58-79,75-60-80,74-57-77,81-63-88,x,x,x,x,x,x,x,x,x,79-73-111,x,138-120-106,0-0-0,20-17-60,53-47-91,26-16-19,127-98-112,150-113-119,155-118-123,99-70-92,90-62-87,83-58-86,88-61-87,89-63-88,92-64-87,90-63-87,90-62-86,87-59-85,86-58-84,87-59-84,82-55-80,82-54-80,82-54-81,83-54-81,85-57-81,x,x,x,x,x,x,x,x,x,x,x,x
x,x,x,x,x,x,x,x,x,x,x,x,x,x,x,x,x,x,x,x,x,x,x,x,x,x,x,x,x,x,x,x,x,x,x,x,x,x,x,x,x,x,x,x,x,82-88-147,x,85-72-92,74-60-78,76-62-80,48-33-47,79-58-86,70-53-76,71-54-77,25-7-24,x,x,x,x,116-88-87,x,x,150-139-137,73-56-77,x,x,x,104-92-111,119-104-122,x,x,x,13-7-33,118-100-137,75-69-107,73-66-105,76-68-108,44-39-83,42-36-80,42-35-79,78-56-74,116-90-108,151-113-120,98-68-90,92-64-89,87-59-86,87-59-86,90-62-87,92-66-88,91-63-87,91-62-86,91-63-86,88-61-85,87-59-85,86-59-84,83-55-81,82-55-81,83-55-81,83-55-81,85-56-81,x,x,x,x,x,x,x,x,x,x,x,x
x,x,x,x,x,x,x,x,x,x,x,x,x,x,x,x,x,x,x,x,x,x,x,x,x,x,91-93-148,88-93-151,99-102-162,62-59-100,39-27-50,45-34-58,44-30-71,96-96-154,88-92-151,86-88-145,x,x,x,x,x,x,x,x,x,86-87-145,x,55-43-60,73-59-77,4-0-0,69-52-74,71-54-76,74-58-80,72-55-77,84-69-91,x,x,x,x,x,x,x,x,127-104-108,x,x,x,108-94-113,121-107-125,x,x,100-85-118,112-95-131,112-97-135,102-95-159,55-66-98,57-50-101,48-40-85,42-35-80,40-34-83,68-47-67,121-91-105,150-112-119,141-104-114,88-59-85,86-58-85,88-60-87,90-61-87,89-61-86,91-63-87,91-62-86,91-63-86,90-62-86,88-60-85,87-59-84,85-57-82,82-55-81,83-55-81,86-57-83,x,x,x,x,x,x,x,x,x,x,x,x,x
x,x,x,x,x,x,x,x,x,x,x,x,x,x,x,x,x,x,x,x,x,x,x,143-145-182,105-110-168,34-20-40,130-130-155,118-116-139,116-114-139,117-116-140,116-115-140,116-114-140,114-111-139,112-108-136,107-102-131,113-107-139,29-18-34,107-111-172,93-95-150,x,x,x,x,x,x,x,64-42-92,x,83-68-88,82-68-87,70-53-75,x,94-48-50,21-11-21,75-62-80,x,x,x,x,x,x,x,x,x,x,x,x,118-105-123,123-110-129,148-132-155,111-94-130,112-95-131,39-22-34,113-94-130,96-94-148,70-60-100,55-50-95,96-68-117,43-36-81,51-35-49,61-44-65,69-53-72,157-117-123,146-108-116,86-58-85,84-58-85,92-62-94,52-35-41,x,x,x,x,90-80-80,52-34-54,80-59-78,87-62-84,83-56-81,86-60-84,x,x,x,x,x,x,x,x,x,x,x,x,x,x
x,x,x,x,x,x,x,x,x,x,x,x,x,x,x,x,x,x,x,x,x,x,103-108-167,111-102-121,121-115-140,131-124-149,131-125-149,130-125-149,129-123-149,127-121-148,123-119-145,117-115-141,115-112-140,114-111-137,110-106-134,104-97-128,102-95-126,100-94-124,54-42-55,65-70-130,67-70-131,66-69-131,66-68-130,74-76-136,91-94-149,x,93-96-151,x,39-24-36,79-66-82,x,162-140-146,148-123-127,103-60-62,47-33-48,x,x,x,x,x,x,x,152-119-124,x,x,x,120-113-128,119-106-123,x,105-89-125,110-93-129,116-99-134,113-95-131,38-23-36,90-82-132,74-67-121,81-74-121,53-29-70,63-50-96,x,62-47-69,61-45-66,56-40-63,119-89-102,67-42-65,x,x,x,x,x,x,x,x,x,x,74-57-74,76-57-75,74-55-75,x,x,x,x,x,x,x,x,x,x,x,x,x,x
x,x,78-81-138,120-122-166,67-72-131,82-87-145,102-108-164,107-112-171,103-111-166,101-106-163,101-108-164,104-110-167,106-110-169,100-105-163,74-77-136,76-78-137,x,x,x,x,101-104-153,71-58-67,120-116-141,121-118-142,124-120-145,120-118-141,125-121-146,127-122-150,130-124-151,128-122-149,124-120-146,118-115-142,116-112-140,114-110-139,110-106-135,103-97-127,100-93-125,98-91-123,98-89-122,104-98-134,88-75-107,47-38-48,88-70-104,108-100-136,95-82-115,55-44-64,51-41-77,x,x,90-85-89,x,159-138-143,105-63-65,147-111-115,136-90-80,x,x,x,x,x,x,x,x,x,x,156-125-156,118-105-123,110-80-103,34-22-50,99-85-119,113-97-138,50-31-54,85-80-134,112-92-130,128-108-154,69-62-107,95-83-132,81-70-111,59-53-103,x,37-14-32,57-42-61,55-41-63,17-2-5,x,x,x,x,x,x,x,x,x,x,x,77-57-74,75-56-75,71-51-71,x,x,x,x,x,x,x,x,x,x,x,x,x,x
60-64-128,17-5-6,99-80-102,111-98-118,113-98-122,106-90-114,105-90-113,106-92-115,109-94-117,110-97-120,112-99-122,112-100-124,112-99-124,113-101-126,118-111-135,131-124-149,96-83-101,40-27-53,106-112-171,99-102-154,63-57-99,121-116-142,121-117-142,121-117-143,120-116-142,120-116-141,119-116-142,119-115-141,122-118-145,128-124-150,128-122-150,125-120-147,116-114-142,113-110-139,111-107-137,108-103-133,104-98-129,99-90-123,98-89-122,97-89-121,97-88-122,96-88-121,92-86-119,91-83-116,89-81-115,85-78-112,81-74-109,36-21-61,x,x,155-131-144,x,136-94-69,x,x,151-112-84,74-80-127,0-0-6,154-121-135,x,x,x,x,x,x,157-150-164,148-139-155,x,69-61-95,101-83-122,56-44-63,77-69-116,88-80-132,85-74-126,12-4-13,63-53-85,44-33-60,55-49-94,13-7-25,141-115-135,x,56-40-61,x,x,x,x,x,x,x,x,x,x,x,x,97-83-83,90-73-85,80-62-79,69-52-70,x,x,x,x,x,x,x,x,x,x,x,x,x,x
66-50-62,112-98-120,101-86-107,105-90-111,106-91-113,108-92-115,107-93-116,109-94-118,110-97-120,112-98-121,112-99-123,113-101-126,115-103-128,116-105-130,117-107-132,117-108-135,118-110-136,120-112-138,118-112-137,91-80-102,119-113-139,121-116-142,121-118-141,119-116-142,120-116-142,119-115-142,120-115-142,117-115-141,117-114-140,116-113-141,124-120-146,113-110-139,114-110-139,111-106-137,109-105-135,108-102-133,105-102-131,101-96-128,97-89-123,96-89-122,96-88-121,94-87-120,92-85-118,90-82-116,87-79-113,82-76-110,81-73-107,121-87-76,x,x,111-60-54,151-114-87,x,x,157-118-102,110-73-73,x,62-24-40,66-47-58,x,x,x,x,x,x,x,105-94-112,x,58-52-84,113-86-118,44-32-50,62-51-97,56-47-91,84-70-118,71-63-100,72-63-101,97-83-130,47-43-89,147-118-132,139-113-132,150-125-145,54-48-59,x,x,143-116-134,151-118-138,122-89-108,x,x,x,x,x,x,100-69-74,125-104-106,113-90-99,110-86-96,76-57-78,x,x,x,x,x,x,x,x,x,x,x,x,x,x
x,80-84-140,108-114-170,36-18-35,117-101-127,108-93-116,109-95-117,110-95-119,111-97-121,112-99-122,113-100-124,114-102-126,116-103-129,116-105-130,116-106-133,117-108-134,118-110-137,119-112-137,119-112-139,119-114-139,120-116-140,120-116-140,119-115-140,118-115-141,119-115-141,118-113-140,117-113-140,116-112-140,114-112-140,115-111-140,114-110-140,116-112-140,123-118-146,119-114-143,112-107-138,106-101-132,104-100-131,100-96-128,95-88-121,94-87-120,92-86-119,91-84-118,90-83-117,88-81-114,84-78-112,81-75-109,78-71-106,59-47-84,x,x,x,x,x,x,x,x,x,60-56-96,157-139-160,x,127-104-122,x,x,x,x,x,x,137-115-130,59-52-84,90-75-107,67-60-105,55-47-90,67-55-95,60-53-89,63-55-90,50-42-68,47-43-89,51-47-93,114-81-103,164-142-164,153-128-148,44-9-13,135-102-123,157-130-145,170-146-163,x,x,x,x,x,x,x,157-138-140,98-73-87,101-77-90,102-79-89,87-60-71,x,x,x,x,x,x,x,165-116-121,x,x,x,x,x,x,x
x,x,x,x,64-68-128,33-19-43,107-97-117,112-102-123,114-104-124,116-106-127,116-107-130,118-108-132,118-106-133,117-105-133,117-106-134,117-108-135,117-108-136,116-108-135,116-107-135,114-106-134,114-107-135,114-107-136,115-109-139,116-110-138,116-111-139,116-112-140,115-111-140,113-108-138,112-106-136,110-105-135,110-106-136,110-106-137,107-104-134,111-106-137,115-110-140,103-99-131,101-98-129,99-95-127,94-89-122,92-86-119,90-83-117,89-82-116,87-81-114,84-79-112,82-75-111,80-73-108,75-68-104,59-50-89,x,136-106-115,132-100-112,x,x,136-90-91,x,135-103-112,x,76-69-110,x,x,x,x,x,x,x,x,x,x,x,22-17-27,53-49-100,75-59-100,60-54-88,63-56-90,70-62-98,42-42-86,43-42-86,16-15-53,x,173-151-176,168-145-169,x,x,163-142-162,x,x,x,x,x,170-139-154,x,21-3-16,85-62-81,87-63-80,9-3-21,19-13-33,63-50-82,x,173-109-111,x,x,x,x,x,x,x,x,x,x,x,x,x
x,x,x,x,x,x,97-102-160,124-112-137,113-103-124,114-105-127,116-108-130,118-110-133,120-112-135,120-114-138,122-116-140,123-118-142,122-118-144,128-120-150,125-118-145,124-119-144,114-106-135,112-104-134,113-105-134,112-104-135,110-105-134,109-103-134,107-102-133,107-101-132,107-101-132,105-101-131,104-100-131,103-99-130,102-98-129,102-97-130,103-99-131,113-105-138,116-109-140,108-103-135,96-93-125,94-90-123,90-85-118,86-81-114,84-78-112,82-76-110,79-73-108,76-70-106,73-67-104,74-69-106,157-132-128,160-134-131,146-113-115,x,x,150-106-106,x,161-121-108,144-108-100,139-122-142,x,128-112-134,x,x,x,x,x,x,x,x,x,x,x,70-64-69,71-65-101,63-56-90,51-51-90,41-42-85,41-43-85,91-78-87,x,x,x,x,x,x,125-96-111,x,x,x,x,13-1-12,18-15-33,32-30-69,44-40-88,44-41-89,43-39-84,46-41-86,78-68-105,x,x,x,x,x,x,x,x,x,x,x,x,x,x,x
x,x,x,x,x,x,x,85-87-141,97-81-97,114-104-127,116-108-130,117-110-133,118-111-135,119-113-139,121-115-140,122-117-141,122-117-142,123-118-144,123-118-146,123-119-145,120-116-143,113-106-135,110-103-133,108-101-131,107-100-131,105-99-130,104-98-129,103-96-129,102-97-129,101-96-128,100-96-127,99-96-127,98-95-127,97-94-126,96-94-126,94-91-123,92-91-123,93-91-123,93-90-123,92-89-121,90-87-122,87-85-118,84-81-114,79-74-107,76-70-106,73-68-104,70-66-102,68-64-100,68-71-114,x,x,x,x,105-73-73,x,x,x,x,x,x,126-112-132,x,140-104-122,x,x,x,x,x,x,x,x,x,x,113-100-102,53-55-102,40-43-83,42-41-83,x,x,163-127-146,x,x,x,x,169-136-162,x,x,x,92-61-76,48-43-91,39-36-82,39-36-82,41-37-81,44-40-88,42-38-83,25-21-51,70-59-95,x,x,x,x,x,x,x,x,x,x,x,x,x,x,x
x,x,x,x,x,x,x,x,58-61-124,127-117-144,114-106-130,116-110-132,117-111-135,118-113-138,120-115-140,120-116-140,120-116-142,121-116-143,121-115-144,120-116-144,116-110-139,112-105-135,109-102-132,105-98-130,102-96-128,101-95-127,100-94-127,98-93-126,97-92-126,96-92-125,95-92-124,94-92-124,93-91-123,93-90-123,93-90-122,92-89-122,91-89-121,90-88-121,89-88-120,88-87-120,88-86-119,86-85-118,82-81-114,86-83-122,75-71-107,73-68-104,70-66-102,65-62-100,62-59-97,58-55-93,x,x,x,141-96-94,x,x,x,x,x,x,x,62-43-62,x,x,13-5-14,x,x,x,x,x,x,x,x,x,x,x,102-76-84,153-132-134,53-18-22,x,x,x,x,144-111-138,143-114-134,x,139-78-92,x,x,38-37-80,39-36-82,39-36-82,48-44-94,40-36-81,42-38-83,10-4-12,78-66-105,x,x,x,x,x,x,x,x,x,x,x,x,x,x,x
x,x,x,x,x,x,x,x,x,72-73-121,121-106-127,122-107-129,123-107-132,124-110-137,126-113-141,123-114-142,119-113-141,118-113-141,117-114-141,117-113-142,113-107-137,108-101-132,104-98-130,100-95-127,99-92-125,97-91-125,96-90-123,95-89-122,94-89-122,92-88-121,91-88-121,91-88-121,90-88-120,89-87-120,89-88-119,87-87-119,86-86-118,86-85-118,85-84-118,84-84-117,83-83-116,82-82-115,82-81-115,74-72-105,63-59-91,56-53-87,64-61-98,63-61-98,62-59-97,59-57-96,61-60-97,x,x,x,156-115-101,x,x,x,x,x,x,x,x,x,23-20-30,44-40-65,21-4-8,x,x,x,x,x,x,x,x,x,x,x,x,x,x,x,x,78-64-75,143-115-133,161-139-155,x,x,x,39-37-79,39-36-82,39-36-82,26-20-49,42-38-83,42-38-83,21-15-34,88-77-121,67-53-56,x,x,x,x,x,x,x,x,x,x,x,x,x,x
x,x,x,x,x,x,x,x,x,74-76-136,126-115-139,116-103-126,120-105-130,121-106-132,122-110-139,121-112-140,122-111-141,120-111-143,119-110-141,118-109-142,113-105-137,106-99-131,101-95-127,98-91-123,95-88-121,93-88-121,91-86-120,90-86-119,88-85-118,87-84-118,86-84-117,86-84-117,85-83-117,84-84-117,84-84-117,83-84-116,83-83-116,82-83-115,82-82-115,82-81-114,81-80-114,80-79-113,80-78-113,79-80-113,82-81-116,64-61-98,69-67-109,15-11-24,67-66-108,56-55-93,54-54-91,37-42-88,x,x,142-99-94,x,140-103-101,x,x,x,x,x,x,1-9-42,43-39-60,44-40-65,35-30-45,0-0-14,x,x,x,x,x,x,x,x,x,x,x,x,x,x,x,x,134-104-122,176-109-111,x,x,40-24-44,39-36-81,39-36-82,39-36-81,20-16-37,42-38-82,42-38-83,13-8-19,92-82-128,11-5-24,x,x,x,x,x,x,x,x,x,x,x,x,x,x
x,x,x,x,x,x,x,x,x,x,38-21-37,111-100-123,112-102-124,112-101-125,117-106-135,118-108-139,117-108-139,114-104-137,111-102-134,110-101-133,111-104-136,103-98-131,95-89-122,92-86-119,89-85-118,87-83-117,85-81-116,84-80-115,82-80-114,82-80-113,82-79-113,81-79-113,81-80-113,81-81-114,81-82-114,82-82-115,81-82-114,80-80-114,79-79-112,77-77-111,75-75-110,75-75-110,76-77-111,77-78-113,78-78-113,77-76-110,76-74-108,68-66-101,54-52-90,59-60-102,23-21-49,53-54-93,x,x,156-114-111,x,x,x,x,x,x,x,x,66-63-99,49-46-73,45-38-64,74-70-116,28-27-72,24-27-78,x,x,x,x,x,x,x,x,x,x,x,x,x,x,x,x,x,x,x,114-88-84,39-36-81,39-36-81,38-34-80,47-44-94,41-38-82,40-37-82,71-60-98,93-83-130,70-58-94,x,x,x,x,x,x,x,x,x,x,x,x,x,x
x,x,x,x,x,x,x,x,x,x,47-38-73,108-93-116,108-94-117,113-101-129,115-103-134,115-104-135,109-99-132,105-96-128,98-90-123,93-85-119,90-84-118,88-82-117,87-81-116,86-80-115,83-80-114,82-77-112,81-76-111,79-75-110,78-74-109,76-72-108,74-71-107,73-70-106,74-72-107,75-77-111,78-79-111,76-79-113,77-78-112,75-76-111,73-74-108,70-70-106,67-67-104,66-65-102,65-65-102,66-66-103,67-67-103,67-66-102,67-67-102,71-70-103,70-70-103,69-71-102,58-60-95,45-45-85,140-93-79,x,110-76-76,150-107-100,163-121-114,x,x,x,x,x,x,54-51-83,49-45-74,45-40-65,51-47-76,86-77-118,40-36-77,21-15-27,x,x,x,x,x,x,x,x,x,x,x,x,x,x,x,x,x,x,x,39-36-81,39-36-81,42-38-86,42-36-80,41-38-83,39-36-80,76-64-104,104-88-128,104-87-126,x,x,x,x,x,x,x,x,x,x,x,x,x,x
x,x,x,x,x,x,x,x,x,99-102-164,102-89-112,104-90-113,105-93-117,112-101-131,112-101-133,110-100-132,100-91-124,91-83-117,88-81-116,87-81-114,85-79-114,83-77-112,82-76-111,81-74-110,78-73-109,76-71-108,74-69-106,72-67-104,70-66-103,67-63-102,66-63-101,66-63-101,65-63-100,63-61-99,62-59-98,61-58-98,61-58-97,60-59-98,60-59-98,61-59-97,61-59-98,61-61-98,62-62-99,62-62-100,62-62-98,60-60-97,58-58-95,56-57-94,56-57-94,66-68-101,64-68-102,61-70-102,x,x,128-78-78,103-55-52,x,x,x,x,x,x,74-71-107,63-58-92,46-42-68,45-40-65,46-41-65,66-42-72,48-43-86,33-26-61,9-2-5,117-64-64,x,x,x,x,x,x,x,x,x,x,x,x,x,x,x,x,x,39-35-79,39-36-81,35-33-75,41-38-82,41-38-82,40-37-83,75-65-102,117-95-132,122-100-132,x,x,x,x,x,x,x,x,x,x,x,x,x,x
x,x,x,x,x,x,x,x,67-72-136,111-98-125,100-86-110,101-87-111,106-94-122,109-98-130,112-101-132,96-87-120,87-80-113,84-78-112,83-76-112,81-76-111,80-74-110,78-72-108,76-70-107,74-69-107,72-68-105,70-66-104,68-64-102,66-63-101,62-59-97,60-56-95,58-55-95,58-55-95,58-55-95,57-54-94,57-55-95,57-55-94,57-55-94,57-56-95,57-56-94,56-56-95,57-57-95,57-58-96,59-59-97,59-59-97,58-59-95,55-56-93,54-55-92,52-53-91,51-53-91,50-52-90,49-53-92,60-69-102,121-95-99,x,x,160-123-117,x,x,x,x,77-65-88,54-54-90,64-61-98,76-67-104,45-40-66,45-40-66,47-43-66,36-28-49,84-76-121,50-46-84,62-57-95,43-39-83,12-16-43,x,x,x,x,x,x,x,x,x,x,x,x,x,x,x,x,20-22-73,39-35-81,39-35-81,41-38-82,41-39-82,47-44-91,78-67-103,122-99-134,129-104-138,x,x,x,x,x,x,x,x,x,x,x,x,x,x
x,x,x,x,x,x,x,53-57-122,112-98-125,95-82-105,97-83-106,97-84-107,103-92-124,97-87-120,90-83-117,83-76-111,82-74-109,79-73-108,78-71-108,76-71-106,74-69-106,72-67-105,71-65-103,69-64-102,67-63-101,64-61-99,62-59-98,59-56-96,57-54-93,55-52-91,54-51-91,53-51-90,53-52-91,53-52-91,53-51-91,53-52-91,53-51-92,53-52-92,52-52-91,53-52-92,53-52-91,52-54-91,55-56-94,56-57-95,54-56-93,52-53-91,50-52-91,49-52-90,48-51-89,47-50-90,47-50-89,48-53-90,46-57-92,x,x,163-125-122,x,79-36-46,44-47-88,47-48-93,18-16-45,69-65-103,75-70-111,87-76-113,44-38-64,45-40-66,48-44-68,9-4-9,107-93-127,4-0-0,63-57-95,43-37-80,38-34-81,40-33-78,148-130-135,x,x,x,x,x,x,45-33-36,116-84-107,x,x,x,x,x,x,x,38-33-79,39-35-81,40-37-82,41-38-82,47-44-93,84-73-106,128-102-137,130-104-138,39-24-34,45-42-90,x,73-73-112,x,x,x,x,x,x,x,x,x,82-69-106
x,x,x,x,x,x,x,55-38-48,91-77-101,93-79-103,93-80-103,101-88-117,93-84-117,88-80-114,82-73-108,78-71-106,76-69-105,74-68-104,73-66-104,70-66-103,68-64-102,66-62-101,66-61-99,64-59-99,62-58-97,60-57-95,57-54-94,55-53-91,53-51-91,51-49-89,49-48-88,48-46-87,48-47-87,48-48-87,48-47-88,48-46-86,58-59-100,36-32-60,16-10-27,49-49-80,62-64-107,63-65-107,48-51-82,14-10-17,22-20-30,47-50-90,50-55-98,46-49-88,47-50-88,47-50-89,47-51-89,48-52-89,51-59-97,164-122-120,x,135-90-89,x,162-110-108,40-41-82,27-28-62,68-63-100,70-66-103,74-69-107,91-78-118,43-38-64,45-40-66,46-41-66,30-26-42,91-85-142,76-70-108,44-35-68,62-56-90,40-34-82,15-14-33,63-39-68,41-17-44,x,x,x,x,40-10-24,83-56-82,131-100-123,150-119-143,144-120-136,121-95-113,x,x,x,x,12-13-56,39-35-81,40-36-82,41-38-82,47-44-90,97-83-113,130-104-138,130-104-138,87-69-96,x,86-72-109,46-37-70,x,x,x,x,x,x,x,x,x,88-76-115
x,x,x,x,x,x,46-39-72,86-74-96,88-74-98,88-75-100,87-76-102,86-77-110,79-71-104,75-67-102,74-66-101,72-66-101,70-64-101,68-64-100,68-62-100,66-62-99,64-60-98,62-59-97,60-57-96,59-55-94,57-54-94,52-50-89,51-49-89,50-48-88,48-48-88,52-52-90,59-60-96,56-57-93,62-65-100,60-60-94,60-62-96,63-68-102,60-64-96,60-64-98,60-64-98,60-63-98,59-63-98,60-64-99,60-64-99,61-64-99,59-64-99,55-60-95,45-47-84,52-56-100,10-4-9,53-58-101,47-51-88,47-53-89,49-54-88,119-67-67,x,x,x,142-96-99,27-23-51,60-61-93,67-63-98,68-64-100,72-67-104,88-76-114,46-41-66,46-41-66,47-41-66,45-41-65,45-37-64,109-93-130,64-58-93,92-79-127,59-51-83,73-42-78,76-47-80,68-39-70,70-44-73,x,x,15-3-13,85-60-85,83-57-82,121-96-115,150-120-144,139-116-131,139-115-131,x,x,x,x,x,42-37-82,40-36-82,41-38-82,44-41-86,113-92-121,129-104-136,129-104-138,146-118-156,42-38-82,65-56-91,x,x,x,x,x,x,x,x,x,52-46-85,86-75-114
x,x,x,x,x,86-91-149,76-64-92,76-65-93,75-65-94,74-65-96,71-65-97,72-64-98,70-63-98,69-62-98,67-62-97,67-61-97,65-60-96,64-59-97,62-58-96,61-57-96,58-56-95,57-55-93,55-53-93,54-51-91,49-47-88,47-46-86,47-45-86,46-45-85,46-44-85,46-45-86,45-45-86,58-60-96,58-60-95,59-62-97,60-62-98,59-62-98,59-62-97,58-62-98,58-62-98,58-63-98,58-63-98,59-63-99,59-65-100,60-66-100,58-63-98,59-62-97,58-63-97,59-63-96,54-59-93,46-48-85,31-31-54,53-61-102,49-55-91,145-97-97,x,144-102-100,x,158-108-112,54-72-110,63-60-93,66-62-96,67-63-98,71-64-101,81-66-103,46-41-66,46-41-66,47-42-64,53-48-76,90-83-134,100-87-121,65-59-93,92-80-125,13-9-15,73-45-74,79-51-79,45-27-33,105-83-103,108-85-106,112-91-105,116-92-108,113-91-108,81-56-82,106-84-103,160-139-164,162-140-165,139-115-132,x,x,x,x,x,x,53-51-101,41-38-82,45-42-86,123-98-125,129-103-131,129-104-138,132-105-138,35-33-77,x,x,x,x,x,x,x,x,x,x,68-59-100,73-64-104
x,x,x,x,x,24-12-20,71-60-88,72-60-90,69-59-91,68-59-92,66-59-93,65-58-93,64-57-93,62-57-94,61-56-94,61-57-93,60-56-94,58-55-93,57-53-93,55-53-92,53-52-90,52-50-90,51-50-90,50-48-89,49-47-88,45-44-84,44-43-84,44-43-84,43-41-83,42-41-82,42-42-82,47-47-87,48-50-89,53-57-93,57-62-97,57-62-97,57-61-97,57-61-97,57-61-97,57-61-97,57-62-98,58-63-99,60-65-100,60-67-100,60-66-101,60-66-101,60-66-100,58-62-96,59-62-96,59-62-96,57-62-96,55-60-93,10-7-16,57-59-90,160-120-118,x,x,x,60-21-38,64-61-95,66-61-95,66-62-97,89-83-128,60-44-74,46-41-66,46-42-66,47-42-66,55-50-77,104-91-134,59-53-85,63-57-89,66-58-92,84-58-85,82-57-83,79-53-81,139-108-116,120-97-120,67-36-33,116-97-104,111-90-100,105-81-98,112-89-107,94-78-94,160-140-165,152-130-150,125-102-111,x,x,x,x,x,x,x,0-0-37,43-40-84,142-111-135,139-109-127,129-104-138,128-102-135,x,x,x,x,x,x,x,x,x,x,62-54-95,67-59-100,69-61-102
x,x,x,x,72-75-135,72-62-91,66-56-85,65-56-87,63-56-88,62-55-89,61-55-88,60-54-89,59-53-89,57-52-89,56-52-92,56-52-90,54-51-90,53-51-90,52-49-89,50-49-89,49-47-88,48-47-89,47-46-88,47-46-88,47-46-89,48-47-89,45-44-87,43-42-84,41-41-83,39-39-82,38-38-81,38-38-81,42-44-84,50-54-90,52-56-92,55-60-96,55-60-96,55-60-96,56-60-96,56-60-96,57-62-97,58-64-99,59-65-100,60-66-101,59-66-100,59-66-101,61-64-98,60-59-92,60-59-91,58-61-94,58-63-96,56-61-96,54-62-94,27-33-80,x,x,x,172-125-132,115-61-61,65-61-95,66-61-95,64-61-95,87-82-126,25-14-25,46-41-66,46-41-66,47-42-66,38-33-56,90-70-98,63-56-88,64-56-88,1-0-0,82-57-84,82-56-83,80-56-82,141-109-117,142-109-117,143-109-117,113-92-112,70-47-65,67-36-46,30-1-23,86-61-84,x,x,x,x,x,x,x,x,x,x,x,1-0-0,157-122-142,144-112-129,129-104-137,130-104-138,x,x,x,x,x,x,x,x,0-0-0,53-47-88,56-50-94,60-52-96,66-59-101
x,x,x,x,98-99-153,63-53-82,62-54-83,60-52-83,59-51-85,58-51-85,57-52-85,56-50-86,54-49-86,52-49-86,51-48-86,51-48-87,49-46-86,48-47-86,48-45-86,47-44-85,46-45-86,45-44-85,45-43-86,44-44-86,45-45-87,47-45-88,48-47-89,28-28-75,41-41-84,37-38-81,36-36-80,36-36-80,36-36-78,35-36-78,36-37-79,38-37-80,42-44-83,49-52-88,53-57-92,55-59-94,58-62-96,59-64-98,59-64-99,59-65-99,60-65-99,62-62-97,62-60-94,61-59-92,60-58-91,59-58-90,59-58-90,35-34-76,36-36-76,39-40-88,117-65-67,x,129-84-83,x,x,65-61-93,66-61-95,88-82-128,87-81-126,6-0-3,46-40-65,46-41-66,47-42-66,53-48-77,88-68-96,63-56-88,69-60-94,59-34-46,82-56-82,81-55-81,78-53-81,141-109-117,143-109-117,139-107-116,135-104-115,76-50-76,x,x,x,x,x,x,x,x,x,x,x,142-120-131,x,x,x,79-52-67,146-113-130,130-104-136,130-104-138,80-36-45,x,x,165-122-116,44-45-94,58-38-73,26-23-69,55-50-97,49-45-90,51-47-91,53-47-92,55-49-93,57-51-95
x,x,x,x,28-16-35,59-52-80,57-50-80,56-49-81,55-48-81,54-48-82,52-48-82,52-47-83,50-46-83,49-46-83,48-45-83,47-44-83,46-44-83,45-42-83,44-42-83,44-41-83,43-42-84,43-41-84,42-42-85,42-41-85,42-42-86,44-44-87,46-46-89,51-51-93,18-17-55,39-38-81,36-36-79,36-36-78,35-36-78,36-36-78,36-36-79,36-37-79,37-38-80,38-39-80,39-39-80,39-40-81,40-40-81,40-40-80,52-53-90,63-65-100,63-62-99,62-61-96,61-60-94,60-58-90,60-58-90,39-39-79,39-38-79,17-13-32,63-66-104,59-69-103,166-122-120,x,108-55-55,140-91-92,148-102-101,65-64-100,72-67-107,86-81-126,87-81-127,15-10-18,45-40-65,46-41-65,47-41-65,47-40-67,117-100-134,63-56-87,0-0-0,89-63-92,95-65-86,81-55-80,91-67-86,126-100-109,134-104-113,139-107-115,135-104-114,26-11-18,67-42-75,x,x,x,x,x,x,x,148-127-139,x,x,x,x,x,x,x,94-59-78,129-102-133,130-104-138,121-96-127,49-44-86,47-42-84,47-43-87,56-50-91,50-46-90,48-44-89,47-42-89,48-44-89,49-44-90,51-46-91,52-47-92,54-49-93
x,x,x,69-71-132,55-58-81,57-53-80,54-49-78,52-47-78,51-45-78,50-45-79,49-44-80,47-44-79,47-43-79,46-43-80,45-42-80,44-41-80,44-41-81,42-40-81,43-41-80,42-40-82,42-40-81,41-41-82,42-41-83,42-42-84,42-43-85,43-44-86,45-46-88,47-49-91,53-55-97,7-2-18,41-42-82,34-34-76,34-34-77,34-35-77,35-35-78,36-36-78,36-37-79,37-38-79,38-38-79,39-39-80,39-40-80,41-41-81,43-43-82,45-44-84,47-46-85,50-49-86,55-53-87,44-42-81,45-43-89,7-4-18,62-61-94,59-69-103,58-71-106,59-71-106,x,154-110-107,119-70-67,126-76-73,x,63-59-95,85-80-125,86-81-126,81-70-107,31-27-46,45-40-65,45-40-65,46-41-65,37-32-50,103-90-126,49-39-48,67-48-70,76-54-80,14-2-12,85-61-82,105-81-94,123-95-106,124-96-108,129-102-112,82-62-77,77-50-78,67-40-70,68-40-69,x,x,x,x,130-95-106,x,x,x,x,x,x,x,x,x,x,92-53-60,128-104-139,141-114-153,42-37-81,50-44-90,46-41-85,45-40-85,45-40-86,47-39-87,47-41-88,47-41-88,48-43-89,48-44-89,50-45-89,52-46-91
x,x,x,x,61-51-85,58-60-85,54-52-80,50-46-77,48-44-76,47-43-77,46-42-76,45-41-77,44-40-77,44-39-78,42-39-78,41-39-78,41-39-79,41-39-80,40-39-79,41-40-80,41-40-82,41-40-81,42-42-83,42-42-84,43-43-85,42-43-85,43-44-86,44-45-87,42-43-85,40-41-84,24-24-51,40-43-81,43-45-85,48-50-96,45-47-92,41-42-90,40-42-90,42-43-90,42-42-90,43-43-88,40-39-79,40-38-78,42-42-81,44-44-83,47-46-82,52-53-95,16-12-19,48-48-87,58-56-86,58-57-89,60-74-109,66-74-111,65-73-110,61-72-107,63-39-56,161-118-114,142-96-93,155-115-101,x,65-34-62,85-80-125,86-82-126,80-73-106,44-40-65,45-40-65,45-40-65,46-41-65,34-23-36,51-20-46,x,73-52-81,64-43-68,67-46-70,93-39-45,82-62-82,113-88-98,113-90-104,101-74-104,78-54-78,80-54-80,65-37-68,66-39-70,64-37-67,x,x,x,x,x,x,x,x,x,x,x,x,x,152-126-142,x,60-33-54,123-99-133,63-59-113,8-5-18,44-39-84,43-38-84,44-39-85,44-39-86,45-41-87,45-40-87,45-41-87,47-41-88,48-43-88,49-44-89
x,x,x,x,84-87-143,65-55-81,59-47-71,59-51-74,58-54-81,45-43-76,46-42-76,43-40-75,42-39-76,41-37-76,40-37-76,38-37-75,39-36-76,39-37-76,38-38-77,38-37-78,38-39-79,40-39-80,40-39-81,40-40-81,41-42-83,42-42-84,42-42-84,42-43-85,42-43-84,39-41-82,20-17-46,46-48-96,40-42-84,38-40-79,41-42-80,48-53-87,55-60-92,56-60-91,58-63-93,58-62-92,54-56-93,53-53-97,24-21-36,12-9-16,52-51-95,48-48-83,54-52-86,57-55-87,78-73-106,81-79-117,80-77-119,79-77-119,79-77-120,77-74-115,33-34-69,x,x,x,x,x,85-79-124,78-68-105,24-15-23,44-40-65,45-40-65,45-40-65,44-39-62,x,x,x,59-42-69,61-42-67,65-44-70,71-46-74,87-67-87,88-72-85,58-35-58,100-76-95,108-81-97,85-61-85,70-43-73,65-38-68,65-38-68,x,x,x,x,x,x,x,x,x,x,x,x,x,x,149-86-98,129-104-136,122-98-135,77-68-115,117-96-138,34-31-76,41-38-84,41-37-84,43-38-84,44-39-86,45-40-86,44-40-86,45-40-87,47-41-87,48-42-88
x,x,x,x,x,113-118-178,54-45-67,56-48-72,57-49-75,64-55-86,71-64-100,71-68-104,67-62-101,48-46-82,39-36-72,38-36-74,37-36-74,37-35-75,37-36-76,37-36-76,37-36-77,38-38-78,40-39-80,42-41-83,45-44-85,48-48-90,53-54-95,59-61-101,64-68-107,54-65-98,99-91-124,108-96-129,104-94-127,103-94-126,106-96-128,96-89-122,52-58-92,57-62-93,58-61-92,58-60-91,59-59-91,60-58-90,60-59-91,61-60-92,58-56-88,62-60-92,94-86-119,99-90-123,96-88-123,92-84-123,87-82-122,83-78-121,82-76-119,65-61-97,64-68-103,137-89-87,x,x,x,x,84-77-124,78-70-104,46-42-65,44-40-65,45-40-65,43-38-63,x,x,x,x,60-41-66,61-41-67,67-45-71,72-49-75,88-68-85,90-59-62,129-102-110,135-107-113,130-103-110,110-85-100,85-62-86,61-36-65,x,x,x,x,x,x,x,x,156-139-156,158-139-156,x,x,x,x,x,x,125-100-135,121-99-134,19-13-30,118-96-133,78-60-91,41-37-83,41-37-84,42-37-83,43-38-85,43-39-86,43-40-85,44-39-86,44-40-87,47-41-87
x,x,x,x,x,x,26-17-31,54-46-70,55-47-72,64-56-87,70-63-101,72-65-103,70-65-104,69-66-105,69-67-105,70-67-106,70-68-108,73-71-112,72-72-114,72-72-114,75-73-114,76-74-116,75-75-115,72-72-113,69-69-110,69-70-112,68-71-112,106-95-126,102-93-124,103-93-125,103-93-125,103-93-125,103-93-126,104-94-126,104-95-126,104-95-126,104-95-126,109-98-130,54-55-87,59-58-91,60-58-91,57-54-87,97-87-121,102-92-124,102-92-124,102-92-124,101-91-124,100-89-123,96-87-122,93-85-121,88-81-120,83-75-116,70-65-100,68-64-98,60-64-97,130-80-78,x,x,x,154-113-100,77-72-111,12-5-13,44-40-63,44-40-64,44-40-64,140-121-128,x,x,x,x,70-49-78,61-40-67,70-46-73,79-56-80,123-100-107,130-104-112,140-111-115,138-111-115,136-108-114,116-95-103,73-46-77,x,x,x,x,x,x,x,x,x,x,x,x,x,x,x,x,x,68-33-41,118-98-133,18-15-37,113-92-130,135-108-148,37-33-77,41-37-84,41-37-83,42-37-84,43-38-84,43-39-86,43-39-85,43-39-86,45-39-86
x,x,x,x,x,x,137-139-178,33-24-40,53-45-69,62-56-88,67-60-96,71-66-103,71-66-106,72-67-107,72-67-109,73-69-112,74-70-113,76-72-112,78-73-113,80-75-114,83-77-116,85-79-117,87-81-118,89-83-119,93-86-121,97-88-122,100-90-123,102-91-123,102-91-124,102-92-124,102-92-124,102-92-125,103-92-125,104-93-125,104-94-125,104-94-125,104-94-125,104-94-125,104-93-125,109-99-129,100-91-125,100-91-123,101-91-123,101-90-123,101-90-122,100-90-122,100-89-122,98-89-122,97-87-120,93-84-119,79-74-114,73-67-105,70-65-101,74-68-107,72-71-110,158-109-104,142-101-94,x,x,x,59-54-96,43-38-62,44-39-63,44-40-63,55-25-28,x,x,141-121-162,x,x,38-20-48,65-43-70,69-44-72,108-89-106,130-108-112,137-111-115,137-111-115,137-111-115,136-110-115,127-114-113,x,x,x,x,x,x,x,x,x,x,x,x,x,x,x,x,x,x,x,126-104-142,44-40-91,96-79-120,123-98-134,122-96-128,41-37-81,41-37-84,42-38-85,43-38-85,43-38-85,43-38-85,43-38-85,44-39-85
x,x,x,x,x,x,x,77-80-135,60-52-82,51-44-69,66-59-96,68-61-99,70-64-104,71-66-106,72-67-108,73-68-108,74-69-110,77-71-111,79-73-112,82-75-113,84-78-114,87-79-115,89-82-116,94-85-118,98-87-120,99-88-120,100-90-121,101-90-122,101-90-122,101-90-122,101-91-122,101-91-123,101-91-123,102-91-123,102-92-123,102-92-124,102-92-123,103-92-123,103-92-123,100-90-123,99-90-121,99-89-122,100-89-121,100-89-120,100-89-120,99-89-120,99-88-119,95-85-119,91-82-118,84-77-113,79-72-109,73-66-103,72-67-106,80-73-116,78-73-113,51-39-63,x,x,x,x,x,43-39-62,44-39-63,28-18-42,x,x,143-133-155,130-108-143,x,x,37-19-28,67-45-73,99-81-100,107-89-106,123-107-109,133-110-113,134-110-114,136-111-114,113-102-101,x,x,x,x,x,x,x,x,x,x,x,x,x,x,x,x,x,x,x,x,x,43-40-91,47-42-88,123-98-134,126-100-135,48-42-88,40-37-83,43-38-84,43-38-85,43-38-85,43-38-85,43-38-85,43-38-85
x,x,x,x,x,x,x,x,115-118-178,46-40-63,51-43-68,59-52-83,69-62-101,69-63-103,71-65-105,72-67-106,74-68-107,77-71-108,82-74-110,86-78-111,87-78-112,87-79-113,91-81-115,95-84-117,97-86-118,99-87-118,99-88-119,99-88-120,99-89-120,100-89-120,102-90-121,103-91-121,102-90-121,102-90-121,101-91-121,101-91-121,101-90-121,102-90-121,102-90-121,100-89-120,98-88-120,98-88-118,98-87-119,98-87-119,97-86-119,96-85-117,94-84-117,94-83-117,90-80-115,85-76-112,78-71-107,76-69-106,80-73-114,80-73-114,79-73-113,51-68-104,161-116-114,x,x,x,x,43-39-62,34-6-28,x,117-82-98,139-129-152,144-134-157,110-87-119,x,x,x,67-44-72,104-86-104,105-87-106,116-98-108,127-108-110,129-109-111,118-106-105,x,x,x,x,x,x,154-146-151,76-54-86,x,x,x,x,x,x,x,x,x,x,x,x,x,x,47-45-96,46-44-95,130-102-138,127-100-135,126-101-136,42-38-84,43-38-84,43-38-85,43-38-85,43-38-84,41-37-84,43-37-83
x,x,x,x,x,x,x,x,144-145-181,33-24-40,48-40-62,51-44-69,50-42-66,67-62-99,67-61-99,70-64-102,73-66-104,78-69-106,83-74-108,89-78-110,93-81-112,95-83-113,96-84-114,96-84-115,97-85-115,98-86-116,100-87-117,100-87-117,101-88-118,101-89-118,101-89-118,101-88-118,101-88-119,101-88-119,100-87-119,100-87-119,100-87-119,100-88-118,101-88-118,100-88-118,100-88-118,99-87-117,98-87-117,98-86-116,97-85-115,95-83-115,93-82-114,92-81-113,90-80-113,85-76-111,81-73-111,78-71-113,78-71-112,79-71-112,80-72-112,53-62-90,93-42-41,x,x,x,x,0-0-2,x,163-166-190,137-128-151,143-134-158,145-134-157,112-90-123,163-144-152,x,x,79-56-83,105-88-106,105-88-106,107-90-106,121-107-108,116-107-106,42-21-21,x,x,x,x,x,x,120-97-130,113-90-123,123-100-133,x,x,x,x,x,x,x,x,x,x,x,x,x,x,42-38-84,37-34-81,127-100-136,128-102-136,129-102-135,32-30-78,43-39-85,44-39-86,45-40-86,44-39-85,41-37-83
x,x,x,x,x,x,x,x,x,x,109-111-166,54-47-72,51-44-69,54-47-76,61-54-85,67-61-96,71-63-99,74-66-102,82-72-106,89-77-108,93-80-110,94-82-111,95-82-111,95-83-112,96-83-113,97-85-114,98-85-114,98-85-115,99-86-115,99-87-115,100-87-116,100-86-116,99-86-116,98-86-116,98-85-116,98-85-116,98-85-116,97-85-115,98-84-115,98-85-115,98-85-115,97-85-114,97-85-114,95-83-113,94-82-112,93-82-112,90-79-111,89-78-110,86-77-110,84-74-110,79-71-111,77-70-111,77-70-111,78-70-111,79-71-112,58-62-95,166-118-112,x,x,x,x,100-83-85,136-126-146,140-131-154,142-133-156,143-134-158,142-132-156,48-23-44,155-122-138,x,x,36-16-23,104-88-105,104-88-105,104-88-105,116-106-105,134-126-125,x,x,x,x,x,155-120-140,44-23-40,111-89-121,112-89-122,112-90-122,113-90-124,86-60-96,x,x,x,x,x,x,x,x,x,x,x,x,18-16-31,49-46-95,134-106-141,129-102-136,131-103-137,131-104-138,44-39-85,46-41-87,47-42-88,47-42-87,44-39-86
x,x,x,x,x,x,x,x,x,x,x,99-102-150,49-41-66,57-50-78,56-50-79,61-54-87,67-59-93,71-64-98,74-67-101,78-70-102,92-78-107,93-80-108,94-80-109,94-81-110,94-81-110,95-82-111,97-83-112,97-83-112,98-83-112,98-84-113,98-85-113,98-84-113,97-84-113,96-84-113,96-83-113,96-83-113,95-83-113,95-83-112,96-82-112,96-82-112,95-82-111,95-82-111,94-81-111,93-80-110,89-78-109,87-76-108,86-75-108,86-75-107,84-74-107,80-71-108,77-69-109,75-68-109,75-67-109,76-69-110,77-69-108,84-77-118,135-92-91,149-112-104,160-126-117,x,x,93-65-91,112-94-123,144-137-157,142-133-156,156-151-175,x,159-126-143,164-135-152,x,x,x,104-89-105,105-89-105,104-89-105,114-105-103,x,x,x,x,x,143-110-130,x,x,122-101-111,114-92-125,112-89-122,112-90-122,112-89-123,126-111-127,97-80-99,118-97-122,143-136-144,x,x,x,x,x,x,x,x,68-44-46,44-41-86,46-40-86,132-105-137,132-104-137,132-104-136,97-78-113,47-42-88,48-42-88,48-43-88,49-45-90
x,x,x,x,x,x,x,x,x,x,x,x,114-116-162,92-93-142,53-47-76,47-40-64,60-54-85,66-59-92,71-63-96,75-67-99,79-69-101,88-76-105,92-79-107,93-79-107,93-79-108,94-80-108,94-81-109,95-81-109,96-81-110,96-82-110,96-82-110,96-82-110,96-82-110,95-82-110,94-80-110,94-80-110,94-80-109,93-80-109,94-80-109,94-80-109,94-79-108,93-78-108,90-77-107,84-73-104,83-73-104,83-73-104,84-72-104,82-72-104,82-71-104,79-70-106,75-67-106,74-66-107,74-66-108,75-67-108,76-66-108,14-7-16,27-12-32,x,116-71-66,x,x,x,110-91-122,111-93-123,19-0-0,x,x,x,x,118-69-85,x,x,73-52-50,105-92-106,105-90-106,99-89-86,x,x,x,x,118-72-90,x,x,x,x,x,50-31-38,138-126-142,125-111-128,129-113-131,133-116-135,144-125-146,150-134-153,159-145-159,x,158-141-150,103-89-95,x,x,x,x,x,45-40-86,46-42-88,131-104-137,131-104-137,130-102-134,127-99-131,136-106-137,70-59-101,94-76-109,41-42-89
x,x,x,x,x,x,x,x,x,x,x,x,x,x,x,138-140-178,100-105-162,23-15-27,74-68-104,69-61-93,73-65-96,77-68-99,80-70-101,91-77-105,91-77-105,92-77-106,91-78-105,92-78-106,94-79-107,95-79-107,95-80-107,95-80-107,95-79-107,94-79-107,93-79-107,92-78-107,92-78-107,92-77-106,91-77-106,92-76-106,91-76-105,86-73-103,82-71-102,81-70-102,81-70-101,81-70-101,80-70-101,81-69-102,80-68-102,76-67-104,73-65-105,73-65-106,74-66-107,77-70-113,12-6-11,40-35-57,40-39-64,163-118-116,x,x,113-67-62,x,9-0-0,x,166-128-148,69-50-78,89-63-99,83-39-75,21-11-12,x,x,x,x,113-98-115,105-89-104,x,x,x,x,141-78-86,x,x,x,x,x,x,x,x,x,81-61-75,138-118-138,147-129-149,153-139-155,162-148-160,x,x,x,x,x,138-108-134,132-100-130,134-101-131,32-31-72,48-43-90,128-98-128,132-104-137,129-101-133,128-101-132,128-100-132,127-100-132,123-98-130,119-95-128
x,x,x,x,x,x,x,x,x,x,x,x,x,x,x,x,x,x,70-73-132,103-104-160,27-22-36,48-42-66,52-46-71,59-53-81,82-72-101,89-76-103,90-76-103,90-76-103,90-76-103,89-76-103,89-76-103,90-77-103,92-77-104,92-77-104,92-77-104,91-76-104,90-76-104,90-76-103,90-75-103,89-74-103,85-72-101,81-70-100,80-69-99,80-69-98,79-68-99,79-68-99,79-67-99,77-67-99,75-65-102,66-62-95,58-59-91,60-60-93,65-64-100,99-100-156,80-81-123,7-2-6,40-33-55,121-73-70,x,x,x,x,x,x,62-38-67,47-36-77,x,x,20-13-49,58-34-74,0-0-0,x,66-50-56,108-93-106,107-92-105,49-29-40,x,x,169-102-112,136-87-94,x,x,x,x,x,x,x,x,x,x,x,75-49-59,x,162-150-161,x,x,x,x,x,x,132-100-131,131-99-131,60-38-52,50-44-91,47-42-92,132-103-135,132-103-135,128-101-132,127-100-132,126-99-131,122-97-130,116-93-126
x,x,x,x,x,x,x,x,x,x,x,x,x,x,x,x,x,x,x,x,168-168-198,111-114-172,9-2-4,51-45-71,51-45-71,51-45-69,73-65-92,87-74-100,88-74-101,88-74-101,87-74-100,87-73-100,85-73-100,84-72-100,84-72-100,85-73-100,84-72-100,87-72-101,85-71-101,85-71-100,81-68-98,79-67-98,75-65-96,74-65-96,75-65-96,75-65-96,73-64-94,70-63-93,66-61-92,56-57-87,57-58-89,52-50-80,80-85-144,x,x,x,91-103-167,x,x,x,x,140-98-93,x,62-39-68,27-9-38,x,x,x,x,0-0-0,46-29-69,x,82-58-63,108-94-106,63-41-68,x,x,x,x,x,x,x,x,x,x,x,x,x,x,x,x,x,x,170-149-166,106-81-85,x,x,x,x,x,128-97-126,130-97-130,110-65-98,49-44-90,50-45-91,113-89-124,141-110-140,131-101-134,134-101-125,125-98-127,121-97-130,115-92-125
x,x,x,x,x,x,x,x,x,x,x,x,x,x,x,x,x,x,x,x,x,x,x,85-89-147,21-16-28,60-52-83,51-44-70,51-44-70,54-47-72,88-75-101,85-72-98,85-71-98,83-70-97,82-70-97,81-69-97,79-68-96,78-67-96,77-66-97,76-65-97,74-64-97,69-62-95,70-62-94,71-63-93,71-63-92,71-63-92,71-63-92,70-63-91,67-62-91,54-56-85,56-57-88,52-38-74,133-135-176,x,x,x,x,x,116-69-69,145-102-97,x,x,x,55-28-53,159-125-136,0-0-0,x,x,x,x,x,x,x,x,84-67-85,76-53-84,x,147-109-114,x,x,x,x,x,x,x,x,x,x,x,x,x,x,x,x,x,x,x,x,x,x,x,x,84-55-78,130-98-132,51-46-93,50-45-90,50-45-89,49-44-89,52-45-90,45-41-86,47-42-88,59-51-94,68-57-96
x,x,x,x,x,x,x,x,x,x,x,x,x,x,x,x,x,x,x,x,x,x,x,x,x,68-71-130,96-98-148,19-11-18,54-48-74,50-43-68,48-41-68,60-52-77,82-70-97,79-67-95,77-66-94,75-65-94,73-64-93,71-63-93,69-62-93,67-60-93,66-59-91,66-60-91,67-60-90,68-60-89,68-61-89,68-61-89,64-60-87,53-54-83,28-26-42,78-83-143,x,x,x,x,x,x,102-114-172,145-116-126,x,116-71-65,x,x,40-4-26,x,x,x,x,x,x,x,x,x,56-22-21,19-2-8,74-60-64,x,x,x,x,x,x,x,x,x,x,x,x,x,x,x,x,x,x,x,x,x,x,x,x,x,x,0-0-0,108-84-112,52-47-95,50-45-90,49-44-89,49-44-89,49-44-89,49-44-88,46-42-86,44-41-85,44-40-85
x,x,x,x,x,x,x,x,x,x,x,x,x,x,x,x,x,x,x,x,x,x,x,x,x,x,x,x,74-77-136,95-96-146,9-0-2,58-51-79,50-42-65,49-42-65,53-48-75,69-62-91,66-59-90,62-58-88,66-59-89,62-58-88,61-56-88,60-57-87,62-57-86,63-58-86,63-59-86,51-52-80,59-59-90,83-78-125,x,x,x,x,x,x,x,108-117-176,x,x,141-95-91,x,x,125-81-74,118-74-68,0-0-0,x,x,x,x,x,x,x,x,x,x,x,46-40-81,x,x,x,168-132-137,x,x,x,x,x,x,x,x,x,x,x,x,x,x,x,x,x,x,162-107-122,x,x,123-88-91,x,57-51-104,53-47-94,50-45-89,48-44-88,48-44-88,47-43-87,46-41-86,44-40-85,44-36-82
x,x,x,x,x,x,x,x,x,x,x,x,x,x,x,x,x,x,x,x,x,x,x,x,x,x,x,x,x,x,x,68-71-131,110-113-169,15-8-14,43-36-59,50-42-68,46-39-64,52-50-80,54-54-83,54-53-83,53-53-81,53-53-81,54-54-81,52-52-80,52-52-78,15-10-18,66-70-131,x,x,x,x,x,x,x,107-109-161,x,x,x,102-51-48,x,x,141-99-89,x,x,x,x,x,x,x,x,x,x,x,x,55-42-69,81-68-94,x,x,x,166-124-129,x,x,x,x,x,x,x,x,x,x,x,x,x,x,x,x,x,x,x,x,x,142-97-97,x,x,59-54-102,53-49-99,53-50-101,47-44-90,35-32-72,22-15-44,22-14-23,88-92-150
x,x,x,x,x,x,x,x,x,x,x,x,x,x,x,x,x,x,x,x,x,x,x,x,x,x,x,x,x,x,x,x,x,x,133-134-175,77-82-141,104-105-162,20-13-20,36-29-47,54-46-74,54-54-84,51-52-80,54-55-85,60-62-96,101-100-157,x,x,x,x,x,x,x,x,88-91-146,134-108-126,x,x,x,161-119-106,161-120-110,x,x,x,x,x,x,x,x,x,x,x,x,x,x,x,80-67-88,x,x,x,146-96-99,x,x,x,x,x,x,x,x,x,x,x,x,x,x,x,x,x,x,x,x,x,x,x,x,x,84-88-140,68-71-132,92-94-147,150-152-186,x,x,x
x,x,x,x,x,x,x,x,x,x,x,x,x,x,x,x,x,x,x,x,x,x,x,x,x,x,x,x,x,x,x,x,x,x,x,x,x,x,x,71-74-132,82-87-144,97-102-160,67-53-93,60-61-124,x,x,x,x,x,x,x,x,84-80-128,74-40-66,x,x,x,x,125-86-88,156-116-102,x,x,x,x,x,x,x,x,x,x,x,x,x,x,x,x,x,x,x,145-96-104,x,x,x,x,x,x,x,x,x,x,x,x,x,x,x,x,x,x,x,x,x,x,0-0-0,x,x,110-116-171,x,x,x,x,x,x
x,x,x,x,x,x,x,x,x,x,x,x,x,x,x,x,x,x,x,x,x,x,x,x,x,x,x,x,x,x,x,x,x,x,x,x,x,x,x,x,x,62-66-131,x,x,x,x,x,x,x,x,x,49-52-121,71-65-117,x,x,x,x,x,137-114-106,x,104-56-49,x,x,x,x,x,x,x,x,x,x,x,x,x,x,115-103-103,x,x,x,150-100-106,x,x,x,x,x,x,x,x,x,x,x,x,x,x,x,x,x,x,x,x,164-123-121,x,37-11-17,x,x,104-112-169,x,x,x,x,x,x
x,x,x,x,x,x,x,x,x,x,x,x,x,x,x,x,x,x,x,x,x,x,x,x,x,x,x,x,x,x,x,x,x,x,x,x,x,x,x,x,x,x,x,x,x,x,x,x,x,x,x,86-91-150,x,x,x,x,x,84-64-79,115-107-109,116-72-61,x,x,138-98-86,144-104-90,x,x,x,x,x,x,x,x,x,x,x,101-86-110,x,x,x,143-88-92,x,x,x,x,x,x,x,x,x,x,x,x,x,x,x,x,x,x,x,x,x,x,152-121-120,53-4-25,x,84-88-144,x,x,x,x,x,x
x,x,x,x,x,x,x,x,x,x,x,x,x,x,x,x,x,x,x,x,x,x,x,x,x,x,x,x,x,x,x,x,x,x,x,x,x,x,x,x,x,x,x,x,x,x,x,x,x,x,61-64-129,x,x,x,x,x,x,98-91-91,x,x,x,x,119-75-65,x,x,x,x,x,x,x,x,x,x,x,140-129-157,x,x,x,x,157-109-112,x,x,x,x,x,x,x,x,x,x,x,x,x,x,x,x,x,x,159-121-119,x,x,x,x,71-45-75,x,110-113-161,x,x,x,x,x,x
x,x,x,x,x,x,x,x,x,x,x,x,x,x,x,x,x,x,x,x,x,x,x,x,x,x,x,x,x,x,x,x,x,x,x,x,x,x,x,x,x,x,x,x,x,x,x,x,x,x,148-127-138,x,x,x,x,x,67-59-61,86-79-82,69-62-62,x,x,x,x,106-57-52,x,x,x,x,x,x,x,x,x,79-55-55,105-95-121,85-91-152,x,x,x,161-114-118,x,x,x,x,x,x,x,x,x,x,x,x,x,x,x,x,x,x,x,x,x,x,x,60-45-81,48-11-16,x,x,x,x,x,x,x
x,x,x,x,x,x,x,x,x,x,x,x,x,x,x,x,x,x,x,x,x,x,x,x,x,x,x,x,x,x,x,x,x,x,x,x,x,x,x,x,x,x,x,x,x,x,x,x,x,73-75-130,x,x,x,x,x,x,92-84-87,108-108-108,x,127-88-73,158-127-121,x,x,x,141-95-87,x,x,x,x,x,x,x,x,128-116-140,85-37-66,102-105-160,x,x,x,147-93-96,x,x,x,x,x,x,x,x,x,x,x,x,x,x,x,x,x,x,x,x,x,x,x,5-0-10,40-27-51,x,x,x,x,x,x,x
x,x,x,x,x,x,x,x,x,x,x,x,x,x,x,x,x,x,x,x,x,x,x,x,x,x,x,x,x,x,x,x,x,x,x,x,x,x,x,x,x,x,x,x,x,x,x,x,81-86-145,x,x,x,141-121-137,x,x,54-42-50,83-72-81,102-103-106,x,x,x,112-63-56,x,x,x,x,x,x,x,x,x,142-121-130,119-106-130,x,79-82-137,86-31-55,x,x,x,156-107-110,x,x,x,x,x,x,x,x,x,x,x,x,x,x,x,x,x,x,x,x,x,x,x,101-82-87,10-7-8,x,x,x,x,x,x,x
x,x,x,x,x,x,x,x,x,x,x,x,x,x,x,x,x,x,x,x,x,x,x,x,x,x,x,x,x,x,x,x,x,x,x,x,x,x,x,x,x,x,x,x,x,x,x,78-81-140,x,x,x,x,x,x,x,69-50-73,74-58-73,80-78-91,x,x,x,149-110-97,x,x,x,x,x,x,x,x,75-60-76,125-112-135,x,79-82-136,x,x,x,x,x,153-102-99,x,x,x,x,x,x,x,x,x,x,x,x,x,x,x,x,x,x,x,x,x,x,x,149-100-100,46-20-37,x,x,x,x,x,x,x
x,x,x,x,x,x,x,x,x,x,x,x,x,x,x,x,x,x,x,x,x,x,x,x,x,x,x,x,x,x,x,x,x,x,x,x,x,x,x,x,x,x,x,x,x,x,x,113-82-93,x,x,x,x,x,x,x,60-43-65,76-60-78,56-11-20,x,x,118-70-64,x,x,109-60-53,x,x,x,166-149-171,142-113-130,130-116-140,131-118-140,x,92-95-147,x,x,70-71-130,x,x,x,162-119-112,x,x,x,x,x,x,x,x,x,x,x,x,x,x,x,x,x,x,x,x,x,x,x,x,x,108-113-166,x,x,x,x,x,x
x,x,x,x,x,x,x,x,x,x,x,x,x,x,x,x,x,x,x,x,x,x,x,x,x,x,x,x,x,x,x,x,x,x,x,x,x,x,x,x,x,x,x,x,x,x,98-105-162,160-140-150,x,x,x,x,x,x,152-130-134,60-41-65,50-34-50,96-84-100,x,x,x,x,x,x,x,x,x,112-98-123,126-114-138,106-96-122,94-101-156,x,x,x,x,x,44-0-22,x,x,x,x,x,x,x,x,x,x,x,x,x,x,x,x,x,x,x,x,x,x,x,x,x,x,x,x,70-44-84,x,x,x,x,x,x
x,x,x,x,x,x,x,x,x,x,x,x,x,x,x,x,x,x,x,x,x,x,x,x,x,x,x,x,x,x,x,x,x,x,x,x,x,x,x,x,x,x,x,x,x,67-70-131,x,x,x,x,x,x,x,x,33-24-30,59-39-64,47-42-64,102-88-104,x,x,118-74-68,159-126-119,x,x,x,133-97-100,126-115-139,126-115-139,58-36-39,108-114-168,x,x,x,x,x,x,78-72-128,x,x,x,x,x,x,x,x,x,x,x,x,x,x,x,x,x,x,x,x,x,x,x,160-128-124,119-69-68,120-78-79,x,x,x,x,x,x,x,x,x
x,x,x,x,x,x,x,x,x,x,x,x,x,x,x,x,x,x,x,x,x,x,x,x,x,x,x,x,x,x,x,x,x,x,x,x,x,x,x,x,x,x,x,x,x,54-34-66,x,x,x,x,x,x,x,x,30-18-21,58-38-64,69-52-74,65-41-42,x,x,x,x,125-82-74,x,x,116-65-54,126-116-140,153-117-115,65-68-131,x,x,x,x,x,x,x,98-107-168,x,x,x,x,x,x,x,x,x,x,x,x,x,x,x,x,x,x,x,x,x,x,147-112-108,x,x,x,156-108-108,x,x,x,x,x,x,x,x
x,x,x,x,x,x,x,x,x,x,x,x,x,x,x,x,x,x,x,x,x,x,x,x,x,x,x,x,x,x,x,x,x,x,x,x,x,x,x,x,x,x,x,120-122-166,147-120-130,x,x,x,x,x,x,x,x,x,82-56-61,58-38-64,62-42-66,x,x,x,158-149-170,x,132-92-80,x,x,x,111-117-177,x,x,x,x,x,x,x,x,x,97-104-158,x,x,x,x,x,x,x,x,x,x,x,x,x,x,x,x,x,x,x,x,x,x,135-91-87,x,x,x,151-141-172,x,60-43-55,x,x,x,x,x,x
x,x,x,x,x,x,x,x,x,x,x,x,x,x,x,x,x,x,x,x,x,x,x,x,x,x,x,x,x,x,x,x,x,x,x,x,x,x,x,x,x,x,64-66-130,x,94-77-88,66-54-61,x,x,x,144-122-141,x,x,x,x,x,58-38-64,58-40-66,91-71-94,x,x,x,122-75-73,x,x,108-59-52,x,71-73-132,x,x,x,x,x,x,x,x,x,70-73-132,x,x,x,161-124-132,x,x,x,x,x,x,x,x,x,x,x,x,x,x,x,x,x,x,x,x,x,x,x,x,47-50-99,x,x,x,x,x,x
x,x,x,x,x,x,x,x,x,x,x,x,x,x,x,x,x,x,x,x,x,x,x,x,x,x,x,x,x,x,x,x,x,x,x,x,x,x,x,x,x,77-79-136,x,70-59-59,86-73-75,82-66-84,x,x,x,114-92-115,x,164-147-162,x,x,x,59-38-64,58-38-63,163-138-154,x,x,154-148-150,135-85-82,x,x,x,x,92-100-162,x,x,x,x,x,x,x,x,x,79-82-138,x,x,x,x,x,x,x,x,151-99-107,x,x,x,x,x,x,x,x,x,x,x,x,x,x,x,x,x,x,x,97-111-168,x,x,x,x,x,x
x,x,x,x,x,x,x,x,x,x,x,x,x,x,x,x,x,x,x,x,x,x,x,x,x,x,x,x,x,x,x,x,x,x,x,x,x,x,x,x,81-85-144,94-81-84,84-71-75,86-73-74,86-73-75,84-69-82,166-133-141,164-134-142,163-135-146,150-131-146,x,157-138-157,159-141-159,165-149-165,x,59-39-65,x,x,147-139-142,146-142-143,122-89-92,146-101-101,153-111-106,x,x,x,88-88-138,x,x,x,x,x,x,x,x,x,143-145-181,x,x,x,x,x,x,x,x,155-126-128,x,x,x,x,x,x,x,x,54-34-69,x,x,x,x,x,x,x,x,x,x,68-69-129,x,x,x,x,x,x
x,x,x,x,x,x,x,x,x,x,x,x,x,x,x,x,x,x,x,x,x,x,x,x,x,x,x,x,x,x,x,x,x,x,x,x,x,x,x,x,88-86-138,83-70-73,80-66-72,82-68-74,85-72-76,80-69-71,149-124-140,154-129-142,154-131-145,157-137-153,x,157-139-154,169-153-172,159-145-162,x,x,92-56-65,148-142-143,x,x,100-111-167,91-100-159,126-79-77,141-100-88,x,x,115-76-78,x,x,x,x,x,x,x,x,x,x,114-63-56,x,x,x,x,160-123-133,x,x,x,x,x,x,x,x,x,x,168-121-118,53-26-46,33-26-42,x,x,x,x,x,x,50-39-86,74-73-133,59-61-114,x,x,x,x,x,x,x
x,x,x,x,x,x,x,x,x,x,x,x,x,x,x,x,x,x,x,x,x,x,x,x,x,x,x,x,x,x,x,x,x,x,x,x,x,x,x,122-124-167,55-39-44,72-56-67,72-57-68,76-61-70,82-69-76,54-42-47,127-104-125,146-125-140,150-128-145,150-130-149,x,156-136-153,165-150-168,163-147-164,x,94-75-74,148-142-144,99-84-87,67-65-126,142-145-181,x,70-73-134,x,122-77-67,x,x,x,x,x,x,x,x,x,x,x,x,x,46-27-70,x,x,x,145-107-112,x,x,x,x,x,x,x,x,x,x,x,34-3-30,57-37-63,93-72-76,136-102-94,110-73-66,134-88-92,x,x,160-119-120,71-74-133,x,x,x,x,x,x,x,x,x
x,x,x,x,x,x,x,x,x,x,x,x,x,x,x,x,x,x,x,x,x,x,x,x,x,x,x,x,x,x,x,x,x,x,x,x,x,x,x,68-49-82,50-37-42,66-48-62,68-50-64,74-56-69,92-75-85,147-126-141,147-126-142,148-128-144,136-115-136,150-131-148,122-94-114,113-106-107,161-145-160,x,x,144-137-138,67-38-40,60-60-123,x,x,x,104-106-156,x,x,x,113-67-59,x,94-96-147,x,x,x,x,x,x,x,x,x,91-98-157,x,x,x,x,x,x,x,x,x,x,151-105-89,x,x,x,x,x,58-37-65,x,x,x,x,x,x,102-58-52,123-124-167,x,x,x,x,x,x,x,x,x
x,x,x,x,x,x,x,x,x,x,x,x,x,x,x,x,x,x,x,x,x,x,x,x,x,x,x,x,x,x,x,x,x,x,x,x,x,x,73-76-137,x,65-45-61,61-41-59,62-43-60,77-61-73,x,153-131-147,152-131-147,152-129-146,124-106-123,141-131-133,74-56-58,76-62-62,x,147-139-141,143-136-138,x,x,x,x,x,x,154-156-188,155-108-101,155-113-111,x,150-112-96,131-88-77,78-85-146,x,x,x,x,x,x,x,x,x,109-116-171,x,x,x,x,128-78-84,x,x,164-130-133,x,x,x,x,x,x,x,59-39-64,56-37-63,x,x,x,x,x,x,x,x,x,x,x,x,x,x,x,x,x
x,x,x,x,x,x,x,x,x,x,x,x,x,x,x,x,x,x,x,x,x,x,x,x,x,x,x,x,x,x,x,x,x,x,x,x,x,x,95-101-158,164-138-150,58-40-58,57-39-57,57-38-57,81-61-83,148-126-141,152-131-146,150-130-146,76-62-75,137-126-127,157-135-152,x,x,142-131-135,145-142-144,96-105-166,x,x,x,x,x,x,x,110-59-59,162-122-118,x,x,x,96-102-159,x,x,x,x,x,x,x,x,x,80-83-140,x,x,x,x,89-44-45,x,x,94-107-166,172-123-133,x,x,x,x,62-44-76,51-29-55,59-39-66,69-46-76,x,x,x,x,x,x,158-112-112,x,x,x,x,x,x,x,x,x,x
x,x,x,x,x,x,x,x,x,x,x,x,x,x,x,x,x,x,x,x,x,x,x,x,x,x,x,x,x,x,x,x,x,x,x,x,x,x,94-99-156,x,53-34-53,54-35-54,46-27-47,144-120-138,147-123-140,154-134-148,x,130-116-121,140-121-135,x,x,138-130-132,86-52-51,89-87-136,x,x,x,x,x,x,x,x,98-103-155,130-84-81,158-122-105,x,x,107-69-70,x,x,x,x,x,x,x,x,x,72-74-132,x,x,x,x,123-80-76,52-26-33,x,144-146-183,x,x,x,x,x,x,61-41-70,60-40-66,43-31-44,x,x,x,x,x,x,99-50-67,58-63-125,x,x,x,x,x,x,x,x,x
x,x,x,x,x,x,x,x,x,x,x,x,x,x,x,x,x,x,x,x,x,x,x,x,x,x,x,x,x,x,x,x,x,x,x,x,x,x,91-98-156,81-62-72,52-32-53,50-31-51,153-130-147,143-122-138,146-123-140,131-109-127,x,161-143-152,130-114-119,110-65-74,128-116-119,95-52-61,82-86-145,x,x,x,x,x,x,x,x,x,85-93-151,98-46-46,112-63-56,x,x,x,x,x,x,x,x,x,x,x,x,112-114-160,x,x,x,x,x,100-102-151,x,80-82-138,x,x,x,x,x,38-23-36,65-44-71,59-40-65,x,x,x,x,x,x,119-62-65,84-47-68,x,x,x,x,x,x,x,x,x,x
x,x,x,x,x,x,x,x,x,x,x,x,x,x,x,x,x,x,x,x,x,x,x,x,x,x,x,x,x,x,x,x,x,x,x,x,x,x,102-108-164,29-9-28,52-32-52,53-40-51,144-121-138,144-121-138,x,x,x,120-107-110,x,70-46-44,93-98-155,x,x,x,x,x,x,x,x,x,x,x,116-118-162,x,166-125-121,x,126-82-71,x,71-73-133,x,x,x,x,x,x,x,x,x,129-93-87,x,x,103-54-51,75-76-134,x,x,69-71-132,x,x,x,x,x,34-26-31,62-43-68,10-0-16,x,x,x,x,x,x,x,55-46-91,x,x,x,x,x,x,x,x,x,x